system,protein,state,mutation,organism_type,gh_family,temperature_K,status_txt,failed_txt,path,water_molecules_est,md_xtc_size_MB,md_edr_size_MB,md_gro_size_MB,finished_mdrun,final_step,final_time_ps,final_time_ns,performance_ns_per_day,hour_per_ns,core_time_s,wall_time_s,cpu_percent,fatal_error,segmentation_fault,rmsd_late_mean_nm,rmsd_final_nm,rmsf_late_mean_nm,rg_late_mean_nm,rg_final_nm,hbond_late_mean,temperature_late_mean,pressure_late_mean,potential_late_mean
B0ZSE5_MUT_NA65G_bacterial_GH11_best,B0ZSE5,MUT,NA65G,bacterial,GH11,333,True,False,/home/ubuntu/xylanase-thesis/md_tier2_wt_mutant_compact/systems/B0ZSE5_MUT_NA65G_bacterial_GH11_best/333K,67554.0,729.9957008361816,0.5963859558105469,13.562150955200195,True,5000000,10000.0,10.0,6.418,3.74,1346299.042,134629.904,1000.0,False,False,1.6315772818363272,1.7161947,0.4601663793103447,2.308416606786427,2.24294,172.08582834331338,332.92226642514964,1.3547843912175646,-2580681.841816367
B0ZSE5_MUT_NA65G_bacterial_GH11_best,B0ZSE5,MUT,NA65G,bacterial,GH11,373,True,False,/home/ubuntu/xylanase-thesis/md_tier2_wt_mutant_compact/systems/B0ZSE5_MUT_NA65G_bacterial_GH11_best/373K,67554.0,729.9808311462402,0.5963859558105469,13.562150955200195,True,5000000,10000.0,10.0,7.011,3.423,1232339.913,123233.991,1000.0,False,False,2.2693877421157684,2.394572,0.6645836206896552,1.8716036926147703,1.77113,174.87225548902197,372.9495698263473,3.406070067864271,-2432556.0708582834
B0ZSE5_WT_bacterial_GH11_best,B0ZSE5,WT,,bacterial,GH11,333,True,False,/home/ubuntu/xylanase-thesis/md_tier2_wt_mutant_compact/systems/B0ZSE5_WT_bacterial_GH11_best/333K,67552.0,730.0154838562012,0.5963859558105469,13.562216758728027,True,5000000,10000.0,10.0,6.72,3.571,1285736.243,128573.624,1000.0,False,False,1.732869190818363,1.8612641,0.3450482758620689,1.944435868263473,1.87227,179.22355289421156,332.99245082035924,0.5551593812375247,-2581242.0778443115
B0ZSE5_WT_bacterial_GH11_best,B0ZSE5,WT,,bacterial,GH11,373,True,False,/home/ubuntu/xylanase-thesis/md_tier2_wt_mutant_compact/systems/B0ZSE5_WT_bacterial_GH11_best/373K,67552.0,729.993896484375,0.5963859558105469,13.562216758728027,True,5000000,10000.0,10.0,7.04,3.409,1227273.108,122727.311,1000.0,False,False,1.7122635568862274,1.6366749,0.4049991379310345,2.0670186626746507,2.05818,185.22155688622755,373.0194044790419,-0.4294396746506988,-2432565.1966067865
D5UGW9_MUT_LA23A_bacterial_GH10_best_overall,D5UGW9,MUT,LA23A,bacterial,GH10,333,True,False,/home/ubuntu/xylanase-thesis/md_tier2_wt_mutant_compact/systems/D5UGW9_MUT_LA23A_bacterial_GH10_best_overall/333K,40285.0,443.107421875,0.5963859558105469,8.315438270568848,True,5000000,10000.0,10.0,10.72,2.239,805950.762,80595.076,1000.0,False,False,1.3543566449101796,1.3514191,0.4440967741935484,2.139476027944112,2.1105,275.86027944111777,333.0199265868264,3.2303012375249502,-1571799.1112774452
D5UGW9_MUT_LA23A_bacterial_GH10_best_overall,D5UGW9,MUT,LA23A,bacterial,GH10,373,True,False,/home/ubuntu/xylanase-thesis/md_tier2_wt_mutant_compact/systems/D5UGW9_MUT_LA23A_bacterial_GH10_best_overall/373K,40285.0,443.0062370300293,0.5963859558105469,8.315438270568848,True,5000000,10000.0,10.0,10.379,2.312,832433.354,83243.335,1000.0,False,False,0.8148121089820359,0.799077,0.2401198924731183,2.1717199800399203,2.15369,279.0239520958084,373.0880590618762,3.273792530938124,-1481189.9570858283
D5UGW9_WT_bacterial_GH10_best_overall,D5UGW9,WT,,bacterial,GH10,333,True,False,/home/ubuntu/xylanase-thesis/md_tier2_wt_mutant_compact/systems/D5UGW9_WT_bacterial_GH10_best_overall/333K,40285.0,443.12060546875,0.5963859558105469,8.316030502319336,True,5000000,10000.0,10.0,10.493,2.287,823383.943,82338.394,1000.0,False,False,1.2321829818363272,1.0723854,0.3359908602150537,2.220232035928144,2.18595,274.23952095808386,333.0178284251497,-0.323212271457087,-1571861.499500998
D5UGW9_WT_bacterial_GH10_best_overall,D5UGW9,WT,,bacterial,GH10,373,True,False,/home/ubuntu/xylanase-thesis/md_tier2_wt_mutant_compact/systems/D5UGW9_WT_bacterial_GH10_best_overall/373K,40285.0,443.01915740966797,0.5963859558105469,8.316030502319336,True,5000000,10000.0,10.0,9.711,2.471,889670.614,88967.062,1000.0,False,False,1.130427390818363,1.1700131,0.2560827956989248,2.0099411576846307,1.98544,286.0259481037924,372.9166255389222,6.342670011976049,-1481239.5738522955
E3WF08_MUT_YA25F_bacterial_GH10_extra,E3WF08,MUT,YA25F,bacterial,GH10,333,True,False,/home/ubuntu/xylanase-thesis/md_tier2_wt_mutant_compact/systems/E3WF08_MUT_YA25F_bacterial_GH10_extra/333K,18410.0,211.3028564453125,0.5963859558105469,4.001621246337891,True,5000000,10000.0,10.0,17.95,1.337,481333.781,48133.378,1000.0,False,False,0.3376428201596806,0.3064062,0.127164,2.0669618962075846,2.08906,279.8622754491018,332.94884637125745,1.4068968423153707,-747727.2374001996
E3WF08_MUT_YA25F_bacterial_GH10_extra,E3WF08,MUT,YA25F,bacterial,GH10,373,True,False,/home/ubuntu/xylanase-thesis/md_tier2_wt_mutant_compact/systems/E3WF08_MUT_YA25F_bacterial_GH10_extra/373K,18410.0,211.28652954101562,0.5963859558105469,4.001621246337891,True,5000000,10000.0,10.0,18.499,1.297,467062.789,46706.279,1000.0,False,False,0.3467263129740519,0.3938535,0.1425337142857143,2.1041899201596803,2.10945,289.98802395209583,373.0305136686627,3.111722782435129,-704511.1730289421
E3WF08_WT_bacterial_GH10_extra,E3WF08,WT,,bacterial,GH10,333,True,False,/home/ubuntu/xylanase-thesis/md_tier2_wt_mutant_compact/systems/E3WF08_WT_bacterial_GH10_extra/333K,18407.0,211.2795753479004,0.5963859558105469,4.001094818115234,True,5000000,10000.0,10.0,18.35,1.308,470832.503,47083.25,1000.0,False,False,0.4699048307385229,0.3945085,0.1296994285714285,2.0923488822355294,2.10847,284.7345309381237,332.95365256686625,8.548767670658682,-747730.8380738522
E3WF08_WT_bacterial_GH10_extra,E3WF08,WT,,bacterial,GH10,373,True,False,/home/ubuntu/xylanase-thesis/md_tier2_wt_mutant_compact/systems/E3WF08_WT_bacterial_GH10_extra/373K,18407.0,211.3352813720703,0.5963859558105469,4.001094818115234,True,5000000,10000.0,10.0,18.027,1.331,479292.589,47929.259,1000.0,False,False,0.3693284271457086,0.3534718,0.1260022857142857,2.103787864271457,2.08631,288.6307385229541,373.0178034431138,-7.187529311377245,-704747.2334081837
Q60041_MUT_NA33G_bacterial_GH10_best_structural,Q60041,MUT,NA33G,bacterial,GH10,333,True,False,/home/ubuntu/xylanase-thesis/md_tier2_wt_mutant_compact/systems/Q60041_MUT_NA33G_bacterial_GH10_best_structural/333K,36173.0,400.39737701416016,0.5963859558105469,7.512240409851074,True,5000000,10000.0,10.0,10.14,2.367,852108.276,85210.828,1000.0,False,False,0.6629641165668662,0.713685,0.1557804597701149,2.107788003992016,2.10913,280.373253493014,332.9863083952095,1.5624584411177649,-1407302.3443113773
Q60041_MUT_NA33G_bacterial_GH10_best_structural,Q60041,MUT,NA33G,bacterial,GH10,373,True,False,/home/ubuntu/xylanase-thesis/md_tier2_wt_mutant_compact/systems/Q60041_MUT_NA33G_bacterial_GH10_best_structural/373K,36173.0,400.2378730773926,0.5963859558105469,7.512240409851074,True,5000000,10000.0,10.0,4.483,5.354,770940.944,192735.236,400.0,False,False,0.770375791017964,0.836918,0.2046655172413793,2.160943433133732,2.09671,271.8383233532934,372.95468247504994,5.244299321357286,-1325304.9508483035
Q60041_WT_bacterial_GH10_best_structural,Q60041,WT,,bacterial,GH10,333,True,False,/home/ubuntu/xylanase-thesis/md_tier2_wt_mutant_compact/systems/Q60041_WT_bacterial_GH10_best_structural/333K,36169.0,400.2499542236328,0.5963859558105469,7.511911392211914,True,5000000,10000.0,10.0,4.366,5.497,791533.884,197883.471,400.0,False,False,0.7030772067864272,0.7401844,0.1489080459770115,2.078341636726547,2.08733,279.5968063872256,333.04012500199605,6.364748333333333,-1407066.511477046
Q60041_WT_bacterial_GH10_best_structural,Q60041,WT,,bacterial,GH10,373,True,False,/home/ubuntu/xylanase-thesis/md_tier2_wt_mutant_compact/systems/Q60041_WT_bacterial_GH10_best_structural/373K,36169.0,400.3582000732422,0.5963859558105469,7.511911392211914,True,5000000,10000.0,10.0,10.975,2.187,787221.787,78722.179,1000.0,False,False,0.8854351852295409,0.8719472,0.2061798850574712,2.12632748502994,2.15109,267.0419161676647,372.9772559780439,2.447925361277445,-1325583.603293413
Q9HEN6_MUT_YA14P_fungal_GH11_best,Q9HEN6,MUT,YA14P,fungal,GH11,333,True,False,/home/ubuntu/xylanase-thesis/md_tier2_wt_mutant_compact/systems/Q9HEN6_MUT_YA14P_fungal_GH11_best/333K,4398.0,50.92787170410156,0.5963859558105469,0.9824237823486328,True,5000000,10000.0,10.0,61.914,0.388,139549.524,13954.952,1000.0,False,False,0.375761025748503,0.4017402,0.1593310344827586,1.4187963672654689,1.39764,87.9880239520958,333.21566589820355,12.673267898203592,-183338.38388847304
Q9HEN6_MUT_YA14P_fungal_GH11_best,Q9HEN6,MUT,YA14P,fungal,GH11,373,True,False,/home/ubuntu/xylanase-thesis/md_tier2_wt_mutant_compact/systems/Q9HEN6_MUT_YA14P_fungal_GH11_best/373K,4398.0,50.909603118896484,0.5963859558105469,0.9824237823486328,True,5000000,10000.0,10.0,58.708,0.409,147168.501,14716.85,1000.0,False,False,0.5524797636726547,0.6019414,0.2503379310344827,1.4409136726546905,1.46956,79.32534930139721,372.83081874051896,-0.3557128562874251,-172802.6732472555
Q9HEN6_WT_fungal_GH11_best,Q9HEN6,WT,,fungal,GH11,333,True,False,/home/ubuntu/xylanase-thesis/md_tier2_wt_mutant_compact/systems/Q9HEN6_WT_fungal_GH11_best/333K,4394.0,50.89704513549805,0.5963859558105469,0.9820947647094727,True,5000000,10000.0,10.0,43.994,0.546,196391.538,19639.154,1000.0,False,False,0.2866325936127744,0.291665,0.1282896551724137,1.397802614770459,1.39195,89.29740518962076,332.831400740519,-3.743742570858281,-183389.3905938124
Q9HEN6_WT_fungal_GH11_best,Q9HEN6,WT,,fungal,GH11,373,True,False,/home/ubuntu/xylanase-thesis/md_tier2_wt_mutant_compact/systems/Q9HEN6_WT_fungal_GH11_best/373K,4394.0,50.91102600097656,0.5963859558105469,0.9820947647094727,True,5000000,10000.0,10.0,52.352,0.458,165037.473,16503.747,1000.0,False,False,0.4794729544910179,0.5878443,0.1819189655172413,1.4440851896207585,1.43067,80.87624750499002,373.0419180419162,-8.173469960079839,-172785.3621506986
Q9HGX1_MUT_DA11K_fungal_GH10_best,Q9HGX1,MUT,DA11K,fungal,GH10,333,True,False,/home/ubuntu/xylanase-thesis/md_tier2_wt_mutant_compact/systems/Q9HGX1_MUT_DA11K_fungal_GH10_best/333K,15646.0,180.005126953125,0.5963859558105469,3.4078102111816406,True,5000000,10000.0,10.0,9.257,2.593,373355.867,93338.967,400.0,False,False,0.5223139972055888,0.5285179,0.1118852760736196,1.9467964271457083,1.94735,248.29341317365268,333.1199589361278,4.039322137724549,-626059.7397704591
Q9HGX1_MUT_DA11K_fungal_GH10_best,Q9HGX1,MUT,DA11K,fungal,GH10,373,True,False,/home/ubuntu/xylanase-thesis/md_tier2_wt_mutant_compact/systems/Q9HGX1_MUT_DA11K_fungal_GH10_best/373K,15646.0,179.97300338745117,0.5963859558105469,3.4078102111816406,True,5000000,10000.0,10.0,9.025,2.659,382932.403,95733.101,400.0,False,False,0.4830453680638722,0.4788188,0.1346079754601226,1.9876226546906188,1.9844,243.2255489021956,372.9580639700599,-1.207913303393216,-589386.3138722555
Q9HGX1_WT_fungal_GH10_best,Q9HGX1,WT,,fungal,GH10,333,True,False,/home/ubuntu/xylanase-thesis/md_tier2_wt_mutant_compact/systems/Q9HGX1_WT_fungal_GH10_best/333K,15645.0,179.9701271057129,0.5963859558105469,3.4072179794311523,True,5000000,10000.0,10.0,9.002,2.666,383914.047,95978.512,400.0,False,False,0.3460188922155688,0.3480107,0.1163815950920245,1.976948423153693,1.96413,248.7265469061876,333.10104077445106,1.7444561117764488,-625519.4059381237
Q9HGX1_WT_fungal_GH10_best,Q9HGX1,WT,,fungal,GH10,373,True,False,/home/ubuntu/xylanase-thesis/md_tier2_wt_mutant_compact/systems/Q9HGX1_WT_fungal_GH10_best/373K,15645.0,180.01531219482422,0.5963859558105469,3.4072179794311523,True,5000000,10000.0,10.0,9.27,2.589,372802.993,93200.748,400.0,False,False,0.6871371345309382,0.5453337,0.1664638036809816,2.048231317365269,2.0804,243.76646706586823,372.94789309980047,4.080474824351297,-589074.9474800399
