system,protein,state,mutation,organism_type,gh_family,333K_rmsd_late_mean_nm,373K_rmsd_late_mean_nm,delta_373_minus_333_rmsd_late_mean_nm,333K_rmsd_final_nm,373K_rmsd_final_nm,delta_373_minus_333_rmsd_final_nm,333K_rmsf_late_mean_nm,373K_rmsf_late_mean_nm,delta_373_minus_333_rmsf_late_mean_nm,333K_rg_late_mean_nm,373K_rg_late_mean_nm,delta_373_minus_333_rg_late_mean_nm,333K_hbond_late_mean,373K_hbond_late_mean,delta_373_minus_333_hbond_late_mean,333K_potential_late_mean,373K_potential_late_mean,delta_373_minus_333_potential_late_mean
B0ZSE5_MUT_NA65G_bacterial_GH11_best,B0ZSE5,MUT,NA65G,bacterial,GH11,1.6315772818363272,2.2693877421157684,0.6378104602794412,1.7161947,2.394572,0.6783773000000002,0.46016637931034476,0.6645836206896552,0.2044172413793104,2.308416606786427,1.8716036926147706,-0.4368129141716566,172.08582834331338,174.87225548902197,2.7864271457085863,-2580681.841816367,-2432556.0708582834,148125.77095808368
B0ZSE5_WT_bacterial_GH11_best,B0ZSE5,WT,,bacterial,GH11,1.7328691908183633,1.7122635568862274,-0.02060563393213588,1.8612641,1.6366749,-0.22458920000000004,0.34504827586206893,0.40499913793103454,0.059950862068965605,1.944435868263473,2.0670186626746507,0.1225827944111777,179.22355289421156,185.22155688622755,5.998003992015981,-2581242.0778443115,-2432565.1966067865,148676.88123752503
D5UGW9_MUT_LA23A_bacterial_GH10_best_overall,D5UGW9,MUT,LA23A,bacterial,GH10,1.3543566449101796,0.8148121089820359,-0.5395445359281437,1.3514191,0.799077,-0.5523421,0.4440967741935484,0.2401198924731183,-0.20397688172043013,2.1394760279441116,2.1717199800399203,0.03224395209580866,275.86027944111777,279.0239520958084,3.163672654690629,-1571799.1112774452,-1481189.9570858283,90609.15419161692
D5UGW9_WT_bacterial_GH10_best_overall,D5UGW9,WT,,bacterial,GH10,1.2321829818363272,1.130427390818363,-0.10175559101796416,1.0723854,1.1700131,0.0976277000000001,0.33599086021505375,0.2560827956989248,-0.07990806451612897,2.2202320359281438,2.0099411576846307,-0.2102908782435131,274.23952095808386,286.0259481037924,11.786427145708558,-1571861.499500998,-1481239.5738522955,90621.92564870254
E3WF08_MUT_YA25F_bacterial_GH10_extra,E3WF08,MUT,YA25F,bacterial,GH10,0.33764282015968067,0.3467263129740519,0.009083492814371208,0.3064062,0.3938535,0.0874473,0.127164,0.14253371428571432,0.01536971428571432,2.0669618962075846,2.1041899201596803,0.03722802395209568,279.8622754491018,289.98802395209583,10.125748502994043,-747727.2374001996,-704511.1730289421,43216.064371257555
E3WF08_WT_bacterial_GH10_extra,E3WF08,WT,,bacterial,GH10,0.46990483073852296,0.3693284271457086,-0.10057640359281433,0.3945085,0.3534718,-0.04103669999999998,0.12969942857142855,0.1260022857142857,-0.0036971428571428433,2.0923488822355294,2.103787864271457,0.011438982035927747,284.7345309381237,288.6307385229541,3.8962075848303925,-747730.8380738522,-704747.2334081837,42983.604665668565
Q60041_MUT_NA33G_bacterial_GH10_best_structural,Q60041,MUT,NA33G,bacterial,GH10,0.6629641165668662,0.770375791017964,0.1074116744510979,0.713685,0.836918,0.12323300000000004,0.15578045977011495,0.20466551724137932,0.04888505747126437,2.107788003992016,2.160943433133732,0.053155429141716226,280.373253493014,271.8383233532934,-8.534930139720586,-1407302.3443113773,-1325304.9508483035,81997.39346307376
Q60041_WT_bacterial_GH10_best_structural,Q60041,WT,,bacterial,GH10,0.7030772067864272,0.8854351852295409,0.18235797844311374,0.7401844,0.8719472,0.13176280000000007,0.14890804597701152,0.20617988505747128,0.05727183908045977,2.078341636726547,2.1263274850299396,0.047985848303392586,279.59680638722557,267.0419161676647,-12.554890219560889,-1407066.511477046,-1325583.603293413,81482.90818363288
Q9HEN6_MUT_YA14P_fungal_GH11_best,Q9HEN6,MUT,YA14P,fungal,GH11,0.375761025748503,0.5524797636726547,0.17671873792415171,0.4017402,0.6019414,0.20020119999999997,0.1593310344827586,0.25033793103448276,0.09100689655172417,1.4187963672654689,1.4409136726546905,0.02211730538922163,87.9880239520958,79.32534930139721,-8.662674650698591,-183338.38388847306,-172802.6732472555,10535.710641217564
Q9HEN6_WT_fungal_GH11_best,Q9HEN6,WT,,fungal,GH11,0.28663259361277443,0.47947295449101796,0.19284036087824352,0.291665,0.5878443,0.2961793,0.12828965517241378,0.18191896551724138,0.053629310344827597,1.397802614770459,1.4440851896207585,0.04628257485029952,89.29740518962076,80.87624750499002,-8.421157684630742,-183389.39059381236,-172785.3621506986,10604.028443113755
Q9HGX1_MUT_DA11K_fungal_GH10_best,Q9HGX1,MUT,DA11K,fungal,GH10,0.5223139972055888,0.48304536806387227,-0.03926862914171653,0.5285179,0.4788188,-0.049699099999999996,0.11188527607361962,0.13460797546012268,0.022722699386503065,1.9467964271457083,1.9876226546906188,0.0408262275449105,248.29341317365268,243.2255489021956,-5.0678642714570685,-626059.7397704591,-589386.3138722555,36673.425898203626
Q9HGX1_WT_fungal_GH10_best,Q9HGX1,WT,,fungal,GH10,0.34601889221556886,0.6871371345309382,0.3411182423153693,0.3480107,0.5453337,0.19732300000000003,0.11638159509202453,0.1664638036809816,0.05008220858895707,1.9769484231536927,2.0482313173652695,0.07128289421157685,248.72654690618762,243.76646706586826,-4.960079840319366,-625519.4059381237,-589074.9474800399,36444.4584580838
