system,protein,state,mutation,organism_type,gh_family,label,temperature_K,path,rmsd_mean_nm,rmsd_sd_nm,rmsd_min_nm,rmsd_max_nm,rmsd_final_nm,rmsd_late_mean_nm,rmsd_late_sd_nm,rmsf_mean_nm,rmsf_sd_nm,rmsf_min_nm,rmsf_max_nm,rmsf_final_nm,rmsf_late_mean_nm,rmsf_late_sd_nm,rg_mean_nm,rg_sd_nm,rg_min_nm,rg_max_nm,rg_final_nm,rg_late_mean_nm,rg_late_sd_nm,hbond_mean,hbond_sd,hbond_min,hbond_max,hbond_final,hbond_late_mean,hbond_late_sd,temperature_mean,temperature_sd,temperature_min,temperature_max,temperature_final,temperature_late_mean,temperature_late_sd,pressure_mean,pressure_sd,pressure_min,pressure_max,pressure_final,pressure_late_mean,pressure_late_sd,potential_mean,potential_sd,potential_min,potential_max,potential_final,potential_late_mean,potential_late_sd,total_energy_mean,total_energy_sd,total_energy_min,total_energy_max,total_energy_final,total_energy_late_mean,total_energy_late_sd
B0ZSE5_MUT_NA65G_bacterial_GH11_best,B0ZSE5,MUT,NA65G,bacterial,GH11,MUT_NA65G_bacterial_GH11_best,333,/home/ubuntu/xylanase-thesis/md_tier2_wt_mutant_compact/systems/B0ZSE5_MUT_NA65G_bacterial_GH11_best/333K,1.3776487759240759,0.36346866727162735,1.7e-06,2.0035498,1.7161947,1.6315772818363272,0.1645904228919163,0.6279614718614719,0.40317303107647146,0.1501,2.4424,0.6141,0.46016637931034476,0.15083731169359432,2.4498418981018983,0.2489541149219944,2.0577,3.20196,2.24294,2.308416606786427,0.12787671593712074,168.8171828171828,7.3162520770914155,143.0,190.0,186.0,172.08582834331338,6.142199830881038,332.9751120489511,0.7615188367987955,330.332245,335.723694,332.190338,332.92226642514964,0.7672346056362196,1.5136913186813183,49.348535421882694,-142.760727,198.56636,5.413677,1.3547843912175646,49.755213123333654,-2580618.3006993006,1954.2521182000828,-2587128.75,-2573385.75,-2581329.0,-2580681.841816367,1978.573460299843,-2007542.4516733268,2398.7461914358137,-2015782.25,-1997398.125,-2009603.75,-2007696.9418662675,2360.641115490654
B0ZSE5_MUT_NA65G_bacterial_GH11_best,B0ZSE5,MUT,NA65G,bacterial,GH11,MUT_NA65G_bacterial_GH11_best,373,/home/ubuntu/xylanase-thesis/md_tier2_wt_mutant_compact/systems/B0ZSE5_MUT_NA65G_bacterial_GH11_best/373K,1.8764616755244754,0.5348071491267541,1.1e-06,2.5280113,2.394572,2.2693877421157684,0.09195765858764414,0.8969121212121214,0.510311575608729,0.2112,2.8692,0.9432,0.6645836206896552,0.2276612670438123,2.1465896703296705,0.4069384971850061,1.75235,3.35406,1.77113,1.8716036926147706,0.06435960902411796,172.84615384615384,8.12627268139014,141.0,198.0,166.0,174.87225548902197,6.19997166949937,372.97454775124874,0.8460245568441428,370.452728,375.893341,372.778564,372.94956982634733,0.8550538581865491,2.572693103896104,47.28670665114791,-151.25531,139.341354,9.750538,3.406070067864271,48.48691412711875,-2432511.026973027,2123.2279363087064,-2441158.0,-2425917.25,-2433129.25,-2432556.0708582834,2064.765025848961,-1790593.0655594405,2642.3485195987655,-1800326.125,-1782963.25,-1791548.625,-1790681.0990518962,2537.8402342740865
B0ZSE5_WT_bacterial_GH11_best,B0ZSE5,WT,,bacterial,GH11,WT_bacterial_GH11_best,333,/home/ubuntu/xylanase-thesis/md_tier2_wt_mutant_compact/systems/B0ZSE5_WT_bacterial_GH11_best/333K,1.588079992807193,0.3001451037214722,1e-06,1.920005,1.8612641,1.7328691908183633,0.11949603090158148,0.5189943722943723,0.38466659048812185,0.1696,2.1736,0.5716,0.34504827586206893,0.09478394514827428,2.098687672327672,0.24892138000596997,1.81255,3.14468,1.87227,1.944435868263473,0.08232597173125022,174.26573426573427,8.743186758002754,142.0,203.0,190.0,179.22355289421156,6.051935570682871,333.0149823646354,0.7560967717772351,330.828003,335.859253,333.104706,332.99245082035924,0.7554080067142838,1.1566310719280717,47.67075937002719,-157.003555,149.820923,-35.155891,0.5551593812375247,47.72673715597854,-2581065.644855145,1962.90450936132,-2588314.75,-2574804.25,-2579618.0,-2581242.0778443115,2038.8720326268992,-2007912.8713786213,2451.1140060444964,-2015884.25,-1999954.875,-2006310.75,-2008128.0863273453,2518.169323505706
B0ZSE5_WT_bacterial_GH11_best,B0ZSE5,WT,,bacterial,GH11,WT_bacterial_GH11_best,373,/home/ubuntu/xylanase-thesis/md_tier2_wt_mutant_compact/systems/B0ZSE5_WT_bacterial_GH11_best/373K,1.5659749781218781,0.3246870529999465,1.6e-06,2.013705,1.6366749,1.7122635568862274,0.1698827743918551,0.5686099567099567,0.38297648007643664,0.1708,2.2623,0.6062,0.40499913793103454,0.11067032554290294,2.2767985014985013,0.3223166953720397,1.91404,3.40376,2.05818,2.0670186626746507,0.0973067691027093,179.1878121878122,11.012751305132216,139.0,205.0,198.0,185.22155688622755,7.569465923779397,373.0264442187812,0.8530615942883036,370.254486,376.061707,374.058838,373.0194044790419,0.8933496841207486,1.4187046893106896,47.13691926920832,-157.849365,156.185928,29.8249,-0.4294396746506988,48.53262609754269,-2432708.9073426574,2281.9063830421555,-2440654.5,-2424422.25,-2435303.5,-2432565.1966067865,2244.521714479159,-1790692.3165584416,2851.5455794927984,-1799439.0,-1781441.75,-1791510.0,-1790560.7210578842,2810.734691350409
D5UGW9_MUT_LA23A_bacterial_GH10_best_overall,D5UGW9,MUT,LA23A,bacterial,GH10,MUT_LA23A_bacterial_GH10_best_overall,333,/home/ubuntu/xylanase-thesis/md_tier2_wt_mutant_compact/systems/D5UGW9_MUT_LA23A_bacterial_GH10_best_overall/333K,1.220983406993007,0.19146666199164525,1e-06,1.4460648,1.3514191,1.3543566449101796,0.03904968498943261,0.38039675675675677,0.4391191327883366,0.1049,2.7169,2.7169,0.4440967741935484,0.5508052793622459,2.281292937062937,0.18063099699211382,2.09955,3.07323,2.1105,2.1394760279441116,0.020415479303489737,274.16783216783216,8.757728255421277,248.0,299.0,277.0,275.86027944111777,8.366626507843916,333.00193342657343,1.0376750589263073,329.627289,339.944061,333.101349,333.01992658682633,0.9868342396248595,2.0821383566433562,68.18265578842261,-289.631012,239.18779,-90.899696,3.2303012375249502,67.47154095874353,-1571526.1811938062,2605.850683539177,-1576178.5,-1538579.125,-1569897.375,-1571799.1112774452,1547.8337207909526,-1217792.9654095904,2970.590887670613,-1224969.625,-1178295.25,-1216058.5,-1218046.7799401197,1909.9214636770528
D5UGW9_MUT_LA23A_bacterial_GH10_best_overall,D5UGW9,MUT,LA23A,bacterial,GH10,MUT_LA23A_bacterial_GH10_best_overall,373,/home/ubuntu/xylanase-thesis/md_tier2_wt_mutant_compact/systems/D5UGW9_MUT_LA23A_bacterial_GH10_best_overall/373K,0.8211338698301698,0.08592546308415923,1e-06,0.9818295,0.799077,0.8148121089820359,0.02487034504569929,0.24406567567567566,0.17690731741267593,0.0667,1.1055,0.8052,0.2401198924731183,0.1957626057712932,2.1624702997003,0.029464976872722808,2.08972,2.47373,2.15369,2.1717199800399203,0.015601523585842528,278.34765234765234,10.22032372202647,241.0,308.0,279.0,279.0239520958084,9.137583113148716,373.02733581618384,1.1576516236031154,369.824585,377.396698,373.707642,373.0880590618762,1.1016451975741168,-0.36427715884115897,68.89227084143745,-226.348587,241.838989,76.390083,3.273792530938124,68.20691816110104,-1480782.9897602398,3495.835138711677,-1486716.0,-1439751.75,-1483041.375,-1481189.9570858283,1836.6567060061036,-1084532.5608141858,3787.961575970948,-1093224.0,-1040356.75,-1086068.25,-1084875.0254491018,2356.563091514536
D5UGW9_WT_bacterial_GH10_best_overall,D5UGW9,WT,,bacterial,GH10,WT_bacterial_GH10_best_overall,333,/home/ubuntu/xylanase-thesis/md_tier2_wt_mutant_compact/systems/D5UGW9_WT_bacterial_GH10_best_overall/333K,1.1554440465534466,0.1665607803189767,1e-06,1.4352593,1.0723854,1.2321829818363272,0.11325800002554101,0.3011262162162162,0.3243033019281036,0.0891,2.0413,1.9358,0.33599086021505375,0.40399362166802244,2.2675764235764237,0.09606697219334229,2.16558,3.0494,2.18595,2.2202320359281438,0.032102519425221236,272.2187812187812,9.26062022291633,246.0,311.0,277.0,274.23952095808386,8.730321584572923,333.0202494325675,1.0506648596573867,329.166626,341.71579,333.359039,333.0178284251497,0.9922600320769114,-2.540348433566434,72.08338593539705,-248.254562,230.157654,68.060143,-0.323212271457087,72.25096958220185,-1571511.3987262738,2956.5179820872477,-1576839.125,-1537441.25,-1571506.625,-1571861.499500998,1719.8851650618276,-1217729.655844156,3282.3649215401174,-1224205.625,-1174977.375,-1217365.0,-1218082.3283433134,2113.219171675657
D5UGW9_WT_bacterial_GH10_best_overall,D5UGW9,WT,,bacterial,GH10,WT_bacterial_GH10_best_overall,373,/home/ubuntu/xylanase-thesis/md_tier2_wt_mutant_compact/systems/D5UGW9_WT_bacterial_GH10_best_overall/373K,1.0256937975024976,0.14783194189501625,1e-06,1.2066206,1.1700131,1.130427390818363,0.040919452205921275,0.24543972972972974,0.22903758810325087,0.0753,1.4891,1.4726,0.2560827956989248,0.2978855387374462,2.0523570029970033,0.05896919066774608,1.97632,2.4081,1.98544,2.0099411576846307,0.020098447060832487,281.17282717282717,11.704405192024963,234.0,316.0,298.0,286.0259481037924,10.842570052773532,372.940193986014,1.106274040050859,369.517303,376.380005,373.255066,372.9166255389222,1.1388431522408171,1.452987518481518,68.50225253338665,-256.94278,216.383102,93.641167,6.342670011976049,66.68482806408144,-1480882.804070929,3387.71580949949,-1486549.125,-1439053.75,-1481619.125,-1481239.5738522955,1810.627529383095,-1084692.3823051949,3695.018327277855,-1091589.5,-1039945.25,-1085094.25,-1085074.1901197606,2303.600346529794
E3WF08_MUT_YA25F_bacterial_GH10_extra,E3WF08,MUT,YA25F,bacterial,GH10,MUT_YA25F_bacterial_GH10_extra,333,/home/ubuntu/xylanase-thesis/md_tier2_wt_mutant_compact/systems/E3WF08_MUT_YA25F_bacterial_GH10_extra/333K,0.33244974785214787,0.03562772494686488,1.06e-05,0.4622249,0.3064062,0.33764282015968067,0.014114509367386908,0.1345787965616046,0.09908731669962348,0.0485,0.8388,0.5832,0.127164,0.08541654000102748,2.074062897102897,0.01191873814623014,2.04094,2.11117,2.08906,2.0669618962075846,0.00943562590383942,280.1208791208791,8.316271618121528,252.0,307.0,271.0,279.8622754491018,8.198475102845409,333.0592976303696,1.7501337330508677,327.000305,362.369293,333.824951,332.94884637125745,1.4447572350788735,3.3239820169830177,117.96814084264281,-373.949951,414.017822,-108.805786,1.4068968423153707,118.0925142907589,-747625.966033966,1276.8479148044482,-751518.625,-730632.75,-747581.4375,-747727.2374001996,1153.2311832366331,-575252.3942932067,1813.7516843824176,-580526.5625,-543089.875,-574811.625,-575410.8297155688,1471.4339506126435
E3WF08_MUT_YA25F_bacterial_GH10_extra,E3WF08,MUT,YA25F,bacterial,GH10,MUT_YA25F_bacterial_GH10_extra,373,/home/ubuntu/xylanase-thesis/md_tier2_wt_mutant_compact/systems/E3WF08_MUT_YA25F_bacterial_GH10_extra/373K,0.3260552216783217,0.03914075805338726,2.15e-05,0.4258204,0.3938535,0.3467263129740519,0.027150394318660113,0.1521131805157593,0.10616502253417948,0.0499,0.7748,0.7748,0.14253371428571432,0.1012897440396561,2.1073505094905096,0.014345203387897989,2.05832,2.15244,2.10945,2.1041899201596803,0.012855699965136585,283.7172827172827,11.215658295837612,249.0,312.0,297.0,289.98802395209583,9.280078463430423,372.9361882557443,1.6981239532442882,367.315796,380.012756,373.303131,373.0305136686627,1.6242483011964621,5.3990518001998,116.82109779120213,-338.462738,727.760559,-8.816335,3.111722782435129,117.34674618284514,-704523.303946054,1298.8466375714506,-709238.875,-700620.9375,-705459.5,-704511.1730289421,1285.3675021453669,-511511.59749625373,1674.2306211156408,-517045.75,-505518.78125,-512257.875,-511450.6489520958,1642.9704320602877
E3WF08_WT_bacterial_GH10_extra,E3WF08,WT,,bacterial,GH10,WT_bacterial_GH10_extra,333,/home/ubuntu/xylanase-thesis/md_tier2_wt_mutant_compact/systems/E3WF08_WT_bacterial_GH10_extra/333K,0.4286407916083916,0.07399069089995193,3.93e-05,0.5114724,0.3945085,0.46990483073852296,0.024208917627181376,0.14922808022922635,0.14279829803565097,0.0469,1.0002,0.6772,0.12969942857142855,0.08478707170558036,2.0977968131868137,0.012104715764282365,2.06671,2.13778,2.10847,2.0923488822355294,0.009882994968535798,280.8951048951049,9.502525244059393,253.0,314.0,271.0,284.7345309381237,7.982191755999159,333.03955205894107,1.520136376850887,328.713531,338.815521,335.170898,332.95365256686625,1.5321549093455806,5.390857778221778,113.99550412105603,-395.892853,433.037628,18.638855,8.548767670658682,114.71844088184747,-747601.3071928072,1145.5581054763597,-751335.125,-744012.1875,-747673.4375,-747730.8380738522,1185.7909674266402,-575258.7221528471,1483.4694651697243,-580071.0625,-570061.875,-574227.875,-575432.7053393214,1546.7563381915747
E3WF08_WT_bacterial_GH10_extra,E3WF08,WT,,bacterial,GH10,WT_bacterial_GH10_extra,373,/home/ubuntu/xylanase-thesis/md_tier2_wt_mutant_compact/systems/E3WF08_WT_bacterial_GH10_extra/373K,0.34636369290709296,0.033833069193196466,2.24e-05,0.4241146,0.3534718,0.3693284271457086,0.02204551232496132,0.14927822349570202,0.1111409855199791,0.0538,0.7897,0.3763,0.1260022857142857,0.06204108664044412,2.102765984015984,0.011289115450545461,2.0549,2.14285,2.08631,2.103787864271457,0.00911530886089665,286.79520479520477,10.709109065791468,251.0,317.0,291.0,288.6307385229541,9.289422654476057,373.02730679520477,1.6908037693819884,367.368622,378.62326,372.809357,373.0178034431138,1.6646912750339609,-7.184533426573426,112.55988418023918,-620.355042,343.568115,247.13591,-7.187529311377245,114.6355388673418,-704604.3023226773,2024.8921792210413,-708119.9375,-657509.9375,-704884.9375,-704747.2334081837,1219.5512706450572,-511568.70008116885,2306.6670482378936,-516356.0625,-462642.1875,-511962.125,-511716.5491516966,1566.6004754165538
Q60041_MUT_NA33G_bacterial_GH10_best_structural,Q60041,MUT,NA33G,bacterial,GH10,MUT_NA33G_bacterial_GH10_best_structural,333,/home/ubuntu/xylanase-thesis/md_tier2_wt_mutant_compact/systems/Q60041_MUT_NA33G_bacterial_GH10_best_structural/333K,0.6942658553446553,0.0746471179208581,1e-06,0.9249212,0.713685,0.6629641165668662,0.055968799231046445,0.20145433526011558,0.21717889372520013,0.0641,1.81,0.773,0.15578045977011495,0.08853433524744207,2.143184915084915,0.051392697002762784,2.07879,2.31198,2.10913,2.107788003992016,0.01018155638436403,277.2097902097902,9.842354599177172,251.0,307.0,276.0,280.373253493014,9.71382536355337,333.0504451038961,1.2729367690255227,329.772827,354.063568,333.447693,332.9863083952095,1.0769855485453579,-0.6212625764235765,75.41476884747169,-328.182037,229.277023,-69.053848,1.5624584411177647,73.81681269384639,-1407037.4927572429,2399.1116464962065,-1411968.5,-1375493.5,-1407558.375,-1407302.3443113773,1473.7625614901726,-1086962.8138111888,3027.3257218576487,-1093149.625,-1035224.375,-1087101.875,-1087289.3041417166,1905.2667186726278
Q60041_MUT_NA33G_bacterial_GH10_best_structural,Q60041,MUT,NA33G,bacterial,GH10,MUT_NA33G_bacterial_GH10_best_structural,373,/home/ubuntu/xylanase-thesis/md_tier2_wt_mutant_compact/systems/Q60041_MUT_NA33G_bacterial_GH10_best_structural/373K,0.6613814697302698,0.1530492288337398,1.38e-05,0.9561233,0.836918,0.770375791017964,0.06632127533367056,0.26737803468208093,0.26190608004111543,0.0869,1.6569,0.4772,0.20466551724137932,0.06878018572652189,2.1572379820179823,0.04639341104643714,2.06224,2.30028,2.09671,2.160943433133732,0.026040888160545138,270.8061938061938,9.682169260987003,233.0,301.0,298.0,271.8383233532934,9.659803744550587,372.9787076403596,1.195446974418457,368.608917,377.247711,372.395966,372.95468247504994,1.2184292443170424,5.772314634365634,74.22369986921466,-276.058441,652.054565,6.742499,5.244299321357286,71.0303299848815,-1325343.514110889,1660.5655622419154,-1331731.5,-1320819.875,-1322464.75,-1325304.9508483035,1670.9604613770875,-966896.193494006,2160.8075729241195,-973833.125,-960376.5,-964577.5,-966880.7191866267,2214.122667099251
Q60041_WT_bacterial_GH10_best_structural,Q60041,WT,,bacterial,GH10,WT_bacterial_GH10_best_structural,333,/home/ubuntu/xylanase-thesis/md_tier2_wt_mutant_compact/systems/Q60041_WT_bacterial_GH10_best_structural/333K,0.6063241052947053,0.1265851311660062,3.5e-05,0.7729359,0.7401844,0.7030772067864272,0.060780982939882724,0.19861878612716763,0.217218200507153,0.0666,1.4805,0.5594,0.14890804597701152,0.05826073191151074,2.094093006993007,0.04190727184927398,2.04258,2.25916,2.08733,2.078341636726547,0.009514931640099597,276.0659340659341,9.259894618819825,249.0,306.0,279.0,279.59680638722557,8.748549010003837,333.0331706243756,1.0390824717035114,329.568573,336.410889,333.734253,333.04012500199605,1.044424007536314,5.544153753246753,74.64802479103855,-199.555161,508.893646,60.020214,6.364748333333333,76.94286410448626,-1406907.5755494505,1488.064526970251,-1411464.625,-1401478.25,-1408817.875,-1407066.511477046,1589.3671456724571,-1086857.8068181819,1927.1781214551345,-1092434.75,-1079842.25,-1088094.375,-1087010.0568862276,2000.8417078682123
Q60041_WT_bacterial_GH10_best_structural,Q60041,WT,,bacterial,GH10,WT_bacterial_GH10_best_structural,373,/home/ubuntu/xylanase-thesis/md_tier2_wt_mutant_compact/systems/Q60041_WT_bacterial_GH10_best_structural/373K,0.7948873076923076,0.16070924107618717,2.95e-05,1.1414598,0.8719472,0.8854351852295409,0.03528384790898892,0.2935190751445087,0.37611875843499004,0.1058,2.9181,0.7252,0.20617988505747128,0.08220391322969807,2.2049709990009987,0.10879939916746324,2.09831,2.447,2.15109,2.1263274850299396,0.011771616849960566,262.2167832167832,10.644151353769733,232.0,296.0,256.0,267.0419161676647,9.863480091780897,373.3327844155844,9.934880951593554,369.860626,685.266418,370.425385,372.9772559780439,1.0882267695764054,6.907191896103897,226.8362333189392,-261.843933,6813.208496,-79.016975,2.447925361277445,72.40379820587455,-1325536.7214035965,1905.3992862168818,-1358217.0,-1320919.625,-1325387.5,-1325583.603293413,1563.5515861722092,-966758.4306318681,8691.565577185464,-973130.875,-699665.875,-969403.25,-967146.9797904191,1915.3590444573326
Q9HEN6_MUT_YA14P_fungal_GH11_best,Q9HEN6,MUT,YA14P,fungal,GH11,MUT_YA14P_fungal_GH11_best,333,/home/ubuntu/xylanase-thesis/md_tier2_wt_mutant_compact/systems/Q9HEN6_MUT_YA14P_fungal_GH11_best/333K,0.3363265522477522,0.058831632721542904,1.03e-05,0.4717574,0.4017402,0.375761025748503,0.029918815741766847,0.17862807017543858,0.09732259058780082,0.0619,0.6931,0.4615,0.1593310344827586,0.06581382088865304,1.4153541958041957,0.013475824812516017,1.37031,1.46938,1.39764,1.4187963672654689,0.012954364900559437,86.22677322677323,5.0907290713140965,70.0,101.0,91.0,87.9880239520958,4.817038123933124,333.1877887132867,3.065764323662122,322.574982,343.316711,334.440826,333.21566589820355,3.04042178960187,2.1900043966033964,250.80265447463847,-710.573059,953.932678,-65.460793,12.673267898203592,251.99422252026835,-183317.6554383117,558.0602436518396,-185021.515625,-181404.625,-184076.046875,-183338.38388847306,573.7005459720856,-140710.7887268981,752.9811072191983,-143220.546875,-137874.796875,-141308.9375,-140727.9522205589,759.2812426898515
Q9HEN6_MUT_YA14P_fungal_GH11_best,Q9HEN6,MUT,YA14P,fungal,GH11,MUT_YA14P_fungal_GH11_best,373,/home/ubuntu/xylanase-thesis/md_tier2_wt_mutant_compact/systems/Q9HEN6_MUT_YA14P_fungal_GH11_best/373K,0.4741664402597403,0.09993629030638064,7.6e-06,0.6423631,0.6019414,0.5524797636726547,0.05112395583791651,0.2523859649122807,0.17685853597770096,0.0884,1.1368,0.9299,0.25033793103448276,0.1641407438729125,1.4392751548451548,0.018236219180548335,1.36968,1.48806,1.46956,1.4409136726546905,0.017996672172505414,79.18081918081919,4.790644187191502,63.0,95.0,83.0,79.32534930139721,4.860857550653435,372.9385523346653,3.365164521944971,362.651062,385.234894,379.03006,372.83081874051896,3.24026443758905,-4.2522348811188815,229.17838893894512,-721.419922,746.359192,179.909286,-0.3557128562874251,233.89500852535187,-172818.4750561938,644.2532535249452,-174564.71875,-170652.5625,-173494.53125,-172802.6732472555,648.5140140031399,-125128.4225461988,836.1829574861944,-127556.015625,-122656.265625,-125025.515625,-125126.3973459461,827.2102144427126
Q9HEN6_WT_fungal_GH11_best,Q9HEN6,WT,,fungal,GH11,WT_fungal_GH11_best,333,/home/ubuntu/xylanase-thesis/md_tier2_wt_mutant_compact/systems/Q9HEN6_WT_fungal_GH11_best/333K,0.2869539142857143,0.026110309863634055,3.6e-06,0.3504285,0.291665,0.28663259361277443,0.012888470485363231,0.14211315789473683,0.06780598495154529,0.0575,0.4355,0.3038,0.12828965517241378,0.05131194139480175,1.4023525474525473,0.01138129638503435,1.36853,1.43596,1.39195,1.397802614770459,0.008587076950237572,84.37962037962038,6.990832872823113,64.0,102.0,100.0,89.29740518962076,4.85935934599336,332.9978313056943,3.0513142022584105,324.784363,343.466522,327.266296,332.831400740519,3.0154327609068488,15.275578487512488,239.39009192848562,-734.361328,896.449219,-38.687744,-3.743742570858281,245.72755456700932,-183358.3246441059,571.5058022344367,-185083.46875,-180995.90625,-184016.65625,-183389.39059381236,585.807841758141,-140782.67078234267,774.6848141869135,-142982.65625,-138313.84375,-142173.8125,-140835.01593687624,790.6526296456159
Q9HEN6_WT_fungal_GH11_best,Q9HEN6,WT,,fungal,GH11,WT_fungal_GH11_best,373,/home/ubuntu/xylanase-thesis/md_tier2_wt_mutant_compact/systems/Q9HEN6_WT_fungal_GH11_best/373K,0.411087193006993,0.08947769045444831,4.79e-05,0.6457642,0.5878443,0.47947295449101796,0.04301150685913299,0.22558596491228067,0.12216625395985108,0.0818,0.5686,0.3466,0.18191896551724138,0.06697629970159659,1.434796043956044,0.01776624258908073,1.374,1.51848,1.43067,1.4440851896207585,0.012190282597789608,80.92507492507492,5.664748945838696,60.0,100.0,76.0,80.87624750499002,6.440237161053836,373.0445041978022,3.434931973371774,362.983765,385.381256,369.856201,373.0419180419162,3.3115276165189758,-8.215874346653345,236.4877985339632,-829.994629,775.371765,138.113785,-8.173469960079839,231.13278138967001,-172785.83937937062,609.6609038046078,-175116.859375,-170847.5625,-172890.34375,-172785.3621506986,590.4951649742804,-125089.99206262836,811.151512773169,-127840.5,-121796.101562,-125602.140625,-125089.84569922755,774.864367913663
Q9HGX1_MUT_DA11K_fungal_GH10_best,Q9HGX1,MUT,DA11K,fungal,GH10,MUT_DA11K_fungal_GH10_best,333,/home/ubuntu/xylanase-thesis/md_tier2_wt_mutant_compact/systems/Q9HGX1_MUT_DA11K_fungal_GH10_best/333K,0.5033233508491509,0.05736402364369799,9.55e-05,0.5578063,0.5285179,0.5223139972055888,0.012972836894872,0.13587046153846152,0.07555044419865105,0.0492,0.4887,0.1489,0.11188527607361962,0.035412835493225145,1.9525556143856144,0.017463787087775462,1.92877,2.03857,1.94735,1.9467964271457083,0.006379370267446596,246.65734265734267,8.190083548503551,218.0,271.0,248.0,248.29341317365268,7.496114762124851,333.1134755994006,1.635268279970155,327.580841,338.045319,334.189575,333.1199589361278,1.6405362428112609,5.598553892107892,118.84042864800311,-415.784302,638.230408,34.203426,4.039322137724549,121.08693294188409,-625976.8219905095,1020.6062905452156,-629081.1875,-622566.25,-625934.25,-626059.7397704591,1013.694853496121,-479146.0908154346,1376.8539333603035,-483758.25,-474866.65625,-478629.1875,-479226.1505738523,1396.34577984102
Q9HGX1_MUT_DA11K_fungal_GH10_best,Q9HGX1,MUT,DA11K,fungal,GH10,MUT_DA11K_fungal_GH10_best,373,/home/ubuntu/xylanase-thesis/md_tier2_wt_mutant_compact/systems/Q9HGX1_MUT_DA11K_fungal_GH10_best/373K,0.4573321967032967,0.053699835811672446,6.6e-06,0.5407646,0.4788188,0.48304536806387227,0.014666638148121677,0.16627753846153845,0.12896269828705387,0.057,0.8488,0.1663,0.13460797546012268,0.046330351598161554,2.00227998001998,0.0197072360314581,1.96149,2.05705,1.9844,1.9876226546906188,0.009839352638183214,241.24175824175825,8.882313578426203,210.0,270.0,258.0,243.2255489021956,8.112152978593524,372.9310776803197,1.8242767820884795,367.351257,378.985046,373.485962,372.9580639700599,1.826696137035386,3.148667977022975,116.76205774643289,-355.559723,633.226379,-172.105667,-1.207913303393216,111.16057446692024,-589350.0728021978,1166.6605696887227,-592517.75,-585591.5,-589429.6875,-589386.3138722555,1144.6784596720495,-424968.42226523475,1539.7396002836754,-429386.375,-419476.0,-424803.4375,-424992.76783932134,1498.6084316770748
Q9HGX1_WT_fungal_GH10_best,Q9HGX1,WT,,fungal,GH10,WT_fungal_GH10_best,333,/home/ubuntu/xylanase-thesis/md_tier2_wt_mutant_compact/systems/Q9HGX1_WT_fungal_GH10_best/333K,0.34724263536463534,0.04138828246794191,1.17e-05,0.4481945,0.3480107,0.34601889221556886,0.023268431511388975,0.14610646153846155,0.10266977443033781,0.052,0.7481,0.3,0.11638159509202453,0.03999299975669168,1.9854111588411587,0.01720531827824595,1.94099,2.03167,1.96413,1.9769484231536927,0.014598112977661967,248.03996003996005,8.734552169310204,216.0,275.0,251.0,248.72654690618762,8.346440789479994,333.08704208391606,1.643194922437005,328.466827,338.767334,333.867615,333.10104077445106,1.7516083176330168,5.926157357642358,119.23913094802006,-389.206696,442.078491,34.176193,1.7444561117764488,114.52204073105769,-625529.193494006,1012.8254314563103,-628895.75,-622233.75,-624818.625,-625519.4059381237,985.2465061202543,-478739.19327547454,1359.4894843568898,-483203.8125,-473932.71875,-477684.625,-478723.23696357285,1356.7543651649567
Q9HGX1_WT_fungal_GH10_best,Q9HGX1,WT,,fungal,GH10,WT_fungal_GH10_best,373,/home/ubuntu/xylanase-thesis/md_tier2_wt_mutant_compact/systems/Q9HGX1_WT_fungal_GH10_best/373K,0.666689901998002,0.10661643298854832,6.9e-05,0.8193706,0.5453337,0.6871371345309382,0.08363367664776089,0.22759446153846152,0.2090829728532001,0.0665,1.5578,0.2799,0.1664638036809816,0.05249148528492989,2.036927852147852,0.03174931642858028,1.97211,2.19615,2.0804,2.0482313173652695,0.03932874257157324,242.63836163836163,8.576426232008698,211.0,267.0,237.0,243.76646706586826,8.250051714590226,372.94692492807195,1.7816159083336331,365.34494,379.502472,373.287872,372.94789309980047,1.7058664192506552,6.604149174825175,118.7863398826643,-316.164856,413.046021,80.514206,4.080474824351297,119.9969101956801,-588973.3578921079,1158.4134323791322,-592315.375,-584814.0,-589557.0,-589074.9474800399,1161.2666361201568,-424617.28146853147,1528.019989544703,-429665.15625,-418216.625,-425050.6875,-424718.44436127745,1503.2252823719416
