system,protein,state,mutation,organism_type,gh_family,temperature_K,path,rmsd_mean_nm,rmsd_sd_nm,rmsd_late_mean_nm,rmsd_final_nm,rmsf_mean_nm,rmsf_sd_nm,rmsf_late_mean_nm,rmsf_final_nm,rg_mean_nm,rg_sd_nm,rg_late_mean_nm,rg_final_nm,hbond_mean,hbond_sd,hbond_late_mean,hbond_final,dssp_available,dssp_message,dssp_helix_count_mean,dssp_helix_count_sd,dssp_helix_count_final,dssp_sheet_count_mean,dssp_sheet_count_sd,dssp_sheet_count_final,dssp_turn_bend_count_mean,dssp_turn_bend_count_sd,dssp_turn_bend_count_final,dssp_coil_count_mean,dssp_coil_count_sd,dssp_coil_count_final,dssp_total_count_mean,dssp_total_count_sd,dssp_total_count_final,dssp_helix_fraction_mean,dssp_helix_fraction_sd,dssp_helix_fraction_final,dssp_sheet_fraction_mean,dssp_sheet_fraction_sd,dssp_sheet_fraction_final,dssp_turn_bend_fraction_mean,dssp_turn_bend_fraction_sd,dssp_turn_bend_fraction_final,dssp_coil_fraction_mean,dssp_coil_fraction_sd,dssp_coil_fraction_final,dssp_ordered_fraction_mean,dssp_ordered_fraction_sd,dssp_ordered_fraction_final
B0ZSE5_MUT_NA65G_bacterial_GH11_best,B0ZSE5,MUT,NA65G,bacterial,GH11,333,/home/ubuntu/xylanase-thesis/md_tier2_wt_mutant_compact/systems/B0ZSE5_MUT_NA65G_bacterial_GH11_best/333K,1.3776487759240759,0.36346866727162735,1.6315772818363272,1.7161947,0.6279614718614719,0.40317303107647146,0.46016637931034476,0.6141,2.4498418981018983,0.2489541149219944,2.308416606786427,2.24294,168.8171828171828,7.3162520770914155,172.08582834331338,186.0,True,DSSP completed on 11 frames,11.818181818181818,2.6764970322487494,16,115.18181818181819,5.510320894796996,112,46.54545454545455,6.668787541429647,51,56.45454545454545,6.137811277053675,51,230.0,0.0,230,0.05138339920948616,0.011636943618472825,0.06956521739130435,0.5007905138339921,0.02395791693389998,0.48695652173913045,0.20237154150197625,0.028994728440998464,0.2217391304347826,0.24545454545454548,0.0266861359871899,0.2217391304347826,0.5521739130434783,0.02325172514281901,0.5565217391304348
B0ZSE5_MUT_NA65G_bacterial_GH11_best,B0ZSE5,MUT,NA65G,bacterial,GH11,373,/home/ubuntu/xylanase-thesis/md_tier2_wt_mutant_compact/systems/B0ZSE5_MUT_NA65G_bacterial_GH11_best/373K,1.8764616755244754,0.5348071491267541,2.2693877421157684,2.394572,0.8969121212121214,0.510311575608729,0.6645836206896552,0.9432,2.1465896703296705,0.4069384971850061,1.8716036926147706,1.77113,172.84615384615384,8.12627268139014,174.87225548902197,166.0,True,DSSP completed on 11 frames,11.454545454545455,2.1148823307047775,13,119.0909090909091,5.029006769821362,125,48.09090909090909,6.862281624278406,44,51.36363636363637,4.58852323242952,48,230.0,0.0,230,0.04980237154150198,0.009195140568281643,0.05652173913043478,0.5177865612648221,0.02186524682531026,0.5434782608695652,0.20909090909090908,0.029836007062080026,0.19130434782608696,0.2233201581027668,0.01995010101056314,0.20869565217391303,0.5675889328063239,0.025968108721313374,0.6
B0ZSE5_WT_bacterial_GH11_best,B0ZSE5,WT,,bacterial,GH11,333,/home/ubuntu/xylanase-thesis/md_tier2_wt_mutant_compact/systems/B0ZSE5_WT_bacterial_GH11_best/333K,1.588079992807193,0.3001451037214722,1.7328691908183633,1.8612641,0.5189943722943723,0.38466659048812185,0.34504827586206893,0.5716,2.098687672327672,0.24892138000596997,1.944435868263473,1.87227,174.26573426573427,8.743186758002754,179.22355289421156,190.0,True,DSSP completed on 11 frames,9.0,2.0,10,119.9090909090909,5.068620038127645,124,48.36363636363637,5.182137151267366,49,52.72727272727273,9.034278157007444,47,230.0,0.0,230,0.03913043478260869,0.008695652173913044,0.043478260869565216,0.5213438735177867,0.022037478426641943,0.5391304347826087,0.21027667984189724,0.02253103109246681,0.21304347826086956,0.22924901185770752,0.03927947024785845,0.20434782608695654,0.5604743083003952,0.027529296678839285,0.5826086956521739
B0ZSE5_WT_bacterial_GH11_best,B0ZSE5,WT,,bacterial,GH11,373,/home/ubuntu/xylanase-thesis/md_tier2_wt_mutant_compact/systems/B0ZSE5_WT_bacterial_GH11_best/373K,1.5659749781218781,0.3246870529999465,1.7122635568862274,1.6366749,0.5686099567099567,0.38297648007643664,0.40499913793103454,0.6062,2.2767985014985013,0.3223166953720397,2.0670186626746507,2.05818,179.1878121878122,11.012751305132216,185.22155688622755,198.0,True,DSSP completed on 11 frames,10.818181818181818,2.5619594773603196,14,121.9090909090909,5.66488385502378,119,50.09090909090909,7.368236498030523,54,47.18181818181818,8.681223206647573,43,230.0,0.0,230,0.04703557312252964,0.011138954249392695,0.06086956521739131,0.5300395256916995,0.02462992980445121,0.5173913043478261,0.21778656126482215,0.03203581086100227,0.23478260869565218,0.20513833992094863,0.037744448724554666,0.18695652173913044,0.5770750988142292,0.027228009395066012,0.5782608695652174
D5UGW9_MUT_LA23A_bacterial_GH10_best_overall,D5UGW9,MUT,LA23A,bacterial,GH10,333,/home/ubuntu/xylanase-thesis/md_tier2_wt_mutant_compact/systems/D5UGW9_MUT_LA23A_bacterial_GH10_best_overall/333K,1.220983406993007,0.19146666199164525,1.3543566449101796,1.3514191,0.38039675675675677,0.4391191327883366,0.4440967741935484,2.7169,2.281292937062937,0.18063099699211382,2.1394760279441116,2.1105,274.16783216783216,8.757728255421277,275.86027944111777,277.0,True,DSSP completed on 11 frames,89.18181818181819,16.067471374290243,95,45.45454545454545,12.168513765975172,30,124.9090909090909,16.92013324684262,125,109.45454545454545,12.675674627913391,119,369.0,0.0,369,0.24168514412416853,0.04354328285715513,0.25745257452574527,0.12318305001231829,0.03297700207581348,0.08130081300813008,0.33850702143385064,0.0458540196391399,0.33875338753387535,0.2966247844296625,0.03435142175586284,0.3224932249322493,0.36486819413648686,0.053741589762057784,0.33875338753387535
D5UGW9_MUT_LA23A_bacterial_GH10_best_overall,D5UGW9,MUT,LA23A,bacterial,GH10,373,/home/ubuntu/xylanase-thesis/md_tier2_wt_mutant_compact/systems/D5UGW9_MUT_LA23A_bacterial_GH10_best_overall/373K,0.8211338698301698,0.08592546308415923,0.8148121089820359,0.799077,0.24406567567567566,0.17690731741267593,0.2401198924731183,0.8052,2.1624702997003,0.029464976872722808,2.1717199800399203,2.15369,278.34765234765234,10.22032372202647,279.0239520958084,279.0,True,DSSP completed on 11 frames,111.81818181818181,8.158654077949153,116,57.72727272727273,4.221158824088691,52,109.0,9.348796714016196,112,90.45454545454545,4.083225106790865,89,369.0,0.0,369,0.303030303030303,0.022110173652978734,0.3143631436314363,0.15644247351564425,0.011439454807828433,0.14092140921409213,0.2953929539295393,0.025335492449908386,0.3035230352303523,0.2451342695245134,0.01106565069591021,0.24119241192411925,0.45947277654594726,0.022161448935277266,0.45528455284552843
D5UGW9_WT_bacterial_GH10_best_overall,D5UGW9,WT,,bacterial,GH10,333,/home/ubuntu/xylanase-thesis/md_tier2_wt_mutant_compact/systems/D5UGW9_WT_bacterial_GH10_best_overall/333K,1.1554440465534466,0.1665607803189767,1.2321829818363272,1.0723854,0.3011262162162162,0.3243033019281036,0.33599086021505375,1.9358,2.2675764235764237,0.09606697219334229,2.2202320359281438,2.18595,272.2187812187812,9.26062022291633,274.23952095808386,277.0,True,DSSP completed on 11 frames,92.54545454545455,12.699319953159984,83,55.63636363636363,6.801069434621694,44,118.9090909090909,12.660604610006155,136,101.9090909090909,11.121641474661422,106,369.0,0.0,369,0.2508006898250801,0.03441550122807584,0.22493224932249323,0.15077605321507762,0.01843108247864958,0.11924119241192412,0.3222468588322247,0.034310581598932674,0.3685636856368564,0.2761763981276176,0.030139949795830418,0.2872628726287263,0.4015767430401577,0.045035696129779965,0.34417344173441733
D5UGW9_WT_bacterial_GH10_best_overall,D5UGW9,WT,,bacterial,GH10,373,/home/ubuntu/xylanase-thesis/md_tier2_wt_mutant_compact/systems/D5UGW9_WT_bacterial_GH10_best_overall/373K,1.0256937975024976,0.14783194189501625,1.130427390818363,1.1700131,0.24543972972972974,0.22903758810325087,0.2560827956989248,1.4726,2.0523570029970033,0.05896919066774608,2.0099411576846307,1.98544,281.17282717282717,11.704405192024963,286.0259481037924,298.0,True,DSSP completed on 11 frames,114.18181818181819,8.681223206647571,101,54.36363636363637,6.32886604808045,65,100.72727272727273,7.708319000805677,96,99.72727272727273,5.984829305684651,107,369.0,0.0,369,0.30943582163094363,0.02352635015351646,0.27371273712737126,0.1473269278147327,0.01715139850428306,0.17615176151761516,0.27297363882729736,0.020889753389717283,0.2601626016260163,0.27026361172702634,0.01621904960890149,0.2899728997289973,0.4567627494456763,0.030162093616168097,0.44986449864498645
E3WF08_MUT_YA25F_bacterial_GH10_extra,E3WF08,MUT,YA25F,bacterial,GH10,333,/home/ubuntu/xylanase-thesis/md_tier2_wt_mutant_compact/systems/E3WF08_MUT_YA25F_bacterial_GH10_extra/333K,0.33244974785214787,0.03562772494686488,0.33764282015968067,0.3064062,0.1345787965616046,0.09908731669962348,0.127164,0.5832,2.074062897102897,0.01191873814623014,2.0669618962075846,2.08906,280.1208791208791,8.316271618121528,279.8622754491018,271.0,True,DSSP completed on 11 frames,106.45454545454545,12.217721852813941,101,56.0,2.569046515733026,54,104.9090909090909,10.473342784942593,112,80.63636363636364,6.712268279392998,81,348.0,0.0,348,0.30590386624869387,0.035108396128775685,0.29022988505747127,0.16091954022988506,0.0073823175739454764,0.15517241379310345,0.3014629049111808,0.03009581260040976,0.3218390804597701,0.23171368861024033,0.019288127239635054,0.23275862068965517,0.46682340647857895,0.0342753252317817,0.4454022988505747
E3WF08_MUT_YA25F_bacterial_GH10_extra,E3WF08,MUT,YA25F,bacterial,GH10,373,/home/ubuntu/xylanase-thesis/md_tier2_wt_mutant_compact/systems/E3WF08_MUT_YA25F_bacterial_GH10_extra/373K,0.3260552216783217,0.03914075805338726,0.3467263129740519,0.3938535,0.1521131805157593,0.10616502253417948,0.14253371428571432,0.7748,2.1073505094905096,0.014345203387897989,2.1041899201596803,2.10945,283.7172827172827,11.215658295837612,289.98802395209583,297.0,True,DSSP completed on 11 frames,108.72727272727273,10.85440840479949,96,57.72727272727273,3.58024884863913,55,104.9090909090909,10.976835112677474,104,76.63636363636364,8.237387052612341,93,348.0,0.0,348,0.3124346917450366,0.03119082874942383,0.27586206896551724,0.16588296760710552,0.010288071404135436,0.15804597701149425,0.3014629049111808,0.031542629634130674,0.2988505747126437,0.22021943573667713,0.023670652450035457,0.2672413793103448,0.4783176593521421,0.03274761955738639,0.4339080459770115
E3WF08_WT_bacterial_GH10_extra,E3WF08,WT,,bacterial,GH10,333,/home/ubuntu/xylanase-thesis/md_tier2_wt_mutant_compact/systems/E3WF08_WT_bacterial_GH10_extra/333K,0.4286407916083916,0.07399069089995193,0.46990483073852296,0.3945085,0.14922808022922635,0.14279829803565097,0.12969942857142855,0.6772,2.0977968131868137,0.012104715764282365,2.0923488822355294,2.10847,280.8951048951049,9.502525244059393,284.7345309381237,271.0,True,DSSP completed on 11 frames,108.54545454545455,4.180039147272101,115,56.72727272727273,2.9695423583747407,54,105.9090909090909,8.324116114694045,96,76.81818181818181,7.947555370278105,83,348.0,0.0,348,0.3119122257053291,0.012011606745034778,0.33045977011494254,0.16300940438871472,0.008533167696479138,0.15517241379310345,0.3043364681295716,0.023919873892798982,0.27586206896551724,0.22074190177638453,0.022837802788155483,0.23850574712643677,0.4749216300940438,0.010604258845985433,0.48563218390804597
E3WF08_WT_bacterial_GH10_extra,E3WF08,WT,,bacterial,GH10,373,/home/ubuntu/xylanase-thesis/md_tier2_wt_mutant_compact/systems/E3WF08_WT_bacterial_GH10_extra/373K,0.34636369290709296,0.033833069193196466,0.3693284271457086,0.3534718,0.14927822349570202,0.1111409855199791,0.1260022857142857,0.3763,2.102765984015984,0.011289115450545461,2.103787864271457,2.08631,286.79520479520477,10.709109065791468,288.6307385229541,291.0,True,DSSP completed on 11 frames,105.63636363636364,10.317681205316699,104,46.72727272727273,10.335288182638248,28,102.9090909090909,6.204104213414624,110,92.72727272727273,14.75188739850538,106,348.0,0.0,348,0.30355276907001044,0.02964850921068017,0.2988505747126437,0.13427377220480669,0.029699103973098415,0.08045977011494253,0.29571577847439917,0.01782788567073168,0.3160919540229885,0.2664576802507837,0.04239048103018787,0.3045977011494253,0.4378265412748172,0.04888897623945489,0.37931034482758624
Q60041_MUT_NA33G_bacterial_GH10_best_structural,Q60041,MUT,NA33G,bacterial,GH10,333,/home/ubuntu/xylanase-thesis/md_tier2_wt_mutant_compact/systems/Q60041_MUT_NA33G_bacterial_GH10_best_structural/333K,0.6942658553446553,0.0746471179208581,0.6629641165668662,0.713685,0.20145433526011558,0.21717889372520013,0.15578045977011495,0.773,2.143184915084915,0.051392697002762784,2.107788003992016,2.10913,277.2097902097902,9.842354599177172,280.373253493014,276.0,True,DSSP completed on 11 frames,115.72727272727273,14.325438276652545,116,35.27272727272727,10.286796479865917,36,95.36363636363636,12.955869150873108,100,98.63636363636364,14.968451671918023,93,345.0,0.0,345,0.3354413702239789,0.04152300949754361,0.336231884057971,0.10223978919631094,0.029816801390915696,0.10434782608695652,0.2764163372859025,0.037553243915574235,0.2898550724637681,0.2859025032938076,0.043386816440342084,0.26956521739130435,0.43768115942028984,0.054443394234777474,0.4405797101449275
Q60041_MUT_NA33G_bacterial_GH10_best_structural,Q60041,MUT,NA33G,bacterial,GH10,373,/home/ubuntu/xylanase-thesis/md_tier2_wt_mutant_compact/systems/Q60041_MUT_NA33G_bacterial_GH10_best_structural/373K,0.6613814697302698,0.1530492288337398,0.770375791017964,0.836918,0.26737803468208093,0.26190608004111543,0.20466551724137932,0.4772,2.1572379820179823,0.04639341104643714,2.160943433133732,2.09671,270.8061938061938,9.682169260987003,271.8383233532934,298.0,True,DSSP completed on 11 frames,140.36363636363637,5.3902268462974225,139,55.18181818181818,5.758787751223027,63,78.81818181818181,4.854239009735344,78,70.63636363636364,4.388000165741275,65,345.0,0.0,345,0.4068511198945982,0.015623845931296863,0.4028985507246377,0.15994729907773386,0.016692138409342104,0.1826086956521739,0.22845849802371543,0.014070257999232876,0.22608695652173913,0.20474308300395255,0.012718841060119633,0.18840579710144928,0.5667984189723321,0.018666470264680886,0.5855072463768116
Q60041_WT_bacterial_GH10_best_structural,Q60041,WT,,bacterial,GH10,333,/home/ubuntu/xylanase-thesis/md_tier2_wt_mutant_compact/systems/Q60041_WT_bacterial_GH10_best_structural/333K,0.6063241052947053,0.1265851311660062,0.7030772067864272,0.7401844,0.19861878612716763,0.217218200507153,0.14890804597701152,0.5594,2.094093006993007,0.04190727184927398,2.078341636726547,2.08733,276.0659340659341,9.259894618819825,279.59680638722557,279.0,True,DSSP completed on 11 frames,132.72727272727272,9.529857387085173,137,55.72727272727273,3.37908002541843,58,86.0909090909091,8.395886438662036,87,70.45454545454545,6.298628999451172,63,345.0,0.0,345,0.3847167325428195,0.02762277503502948,0.39710144927536234,0.16152832674571804,0.009794434856285297,0.1681159420289855,0.24953886693017127,0.024335902720759528,0.25217391304347825,0.20421607378129114,0.018256895650583107,0.1826086956521739,0.5462450592885376,0.030575619930140255,0.5652173913043479
Q60041_WT_bacterial_GH10_best_structural,Q60041,WT,,bacterial,GH10,373,/home/ubuntu/xylanase-thesis/md_tier2_wt_mutant_compact/systems/Q60041_WT_bacterial_GH10_best_structural/373K,0.7948873076923076,0.16070924107618717,0.8854351852295409,0.8719472,0.2935190751445087,0.37611875843499004,0.20617988505747128,0.7252,2.2049709990009987,0.10879939916746324,2.1263274850299396,2.15109,262.2167832167832,10.644151353769733,267.0419161676647,256.0,True,DSSP completed on 11 frames,105.18181818181819,14.09835580355512,91,39.54545454545455,7.132511988964846,35,110.54545454545455,14.955692136197749,126,89.72727272727273,9.508847554682,93,345.0,0.0,345,0.30487483530961795,0.04086479943059455,0.263768115942029,0.11462450592885376,0.020673947794101005,0.10144927536231885,0.32042160737812914,0.043349832278834065,0.3652173913043478,0.2600790513833992,0.027561876970092745,0.26956521739130435,0.41949934123847166,0.04895189497861044,0.3652173913043478
Q9HEN6_MUT_YA14P_fungal_GH11_best,Q9HEN6,MUT,YA14P,fungal,GH11,333,/home/ubuntu/xylanase-thesis/md_tier2_wt_mutant_compact/systems/Q9HEN6_MUT_YA14P_fungal_GH11_best/333K,0.3363265522477522,0.058831632721542904,0.375761025748503,0.4017402,0.17862807017543858,0.09732259058780082,0.1593310344827586,0.4615,1.4153541958041957,0.013475824812516017,1.4187963672654689,1.39764,86.22677322677323,5.0907290713140965,87.9880239520958,91.0,True,DSSP completed on 11 frames,8.545454545454545,1.2933395813657265,9,41.72727272727273,8.753181239879694,33,31.454545454545453,5.164564577263729,31,31.272727272727273,9.034278157007444,40,113.0,0.0,113,0.0756234915526951,0.011445483020935633,0.07964601769911504,0.36926790024135153,0.0774617808838911,0.2920353982300885,0.27835880933226065,0.045704111303218845,0.2743362831858407,0.2767497988736927,0.07994936422130482,0.35398230088495575,0.44489139179404674,0.08349508599365274,0.37168141592920356
Q9HEN6_MUT_YA14P_fungal_GH11_best,Q9HEN6,MUT,YA14P,fungal,GH11,373,/home/ubuntu/xylanase-thesis/md_tier2_wt_mutant_compact/systems/Q9HEN6_MUT_YA14P_fungal_GH11_best/373K,0.4741664402597403,0.09993629030638064,0.5524797636726547,0.6019414,0.2523859649122807,0.17685853597770096,0.25033793103448276,0.9299,1.4392751548451548,0.018236219180548335,1.4409136726546905,1.46956,79.18081918081919,4.790644187191502,79.32534930139721,83.0,True,DSSP completed on 11 frames,5.7272727272727275,3.349355433241121,4,47.63636363636363,9.29809364625596,51,33.18181818181818,9.816498172140427,29,26.454545454545453,9.158205461373274,29,113.0,0.0,113,0.05068382944489139,0.029640313568505494,0.035398230088495575,0.4215607401448109,0.0822840145686368,0.45132743362831856,0.2936444086886565,0.08687166524018078,0.25663716814159293,0.23411102172164117,0.081046066029852,0.25663716814159293,0.47224456958970235,0.08045534981497249,0.48672566371681414
Q9HEN6_WT_fungal_GH11_best,Q9HEN6,WT,,fungal,GH11,333,/home/ubuntu/xylanase-thesis/md_tier2_wt_mutant_compact/systems/Q9HEN6_WT_fungal_GH11_best/333K,0.2869539142857143,0.026110309863634055,0.28663259361277443,0.291665,0.14211315789473683,0.06780598495154529,0.12828965517241378,0.3038,1.4023525474525473,0.01138129638503435,1.397802614770459,1.39195,84.37962037962038,6.990832872823113,89.29740518962076,100.0,True,DSSP completed on 11 frames,8.636363636363637,1.12006493318265,8,46.81818181818182,6.128918041843631,44,29.90909090909091,5.224070165197735,32,27.636363636363637,5.408747124292784,29,113.0,0.0,113,0.07642799678197909,0.009912079054713717,0.07079646017699115,0.414320193081255,0.05423821275967815,0.3893805309734513,0.2646822204344328,0.04623070942652863,0.2831858407079646,0.2445695897023331,0.04786501879905118,0.25663716814159293,0.4907481898632341,0.05503309740570277,0.46017699115044247
Q9HEN6_WT_fungal_GH11_best,Q9HEN6,WT,,fungal,GH11,373,/home/ubuntu/xylanase-thesis/md_tier2_wt_mutant_compact/systems/Q9HEN6_WT_fungal_GH11_best/373K,0.411087193006993,0.08947769045444831,0.47947295449101796,0.5878443,0.22558596491228067,0.12216625395985108,0.18191896551724138,0.3466,1.434796043956044,0.01776624258908073,1.4440851896207585,1.43067,80.92507492507492,5.664748945838696,80.87624750499002,76.0,True,DSSP completed on 11 frames,6.181818181818182,3.4298157915019813,9,40.09090909090909,9.658721918085698,29,33.72727272727273,4.734784241988416,31,33.0,9.1104335791443,44,113.0,0.0,113,0.054706355591311345,0.03035235213718568,0.07964601769911504,0.3547868061142398,0.08547541520429822,0.25663716814159293,0.29847144006436044,0.04190074550432227,0.2743362831858407,0.2920353982300885,0.08062330601012654,0.3893805309734513,0.4094931617055511,0.10267705810584939,0.336283185840708
Q9HGX1_MUT_DA11K_fungal_GH10_best,Q9HGX1,MUT,DA11K,fungal,GH10,333,/home/ubuntu/xylanase-thesis/md_tier2_wt_mutant_compact/systems/Q9HGX1_MUT_DA11K_fungal_GH10_best/333K,0.5033233508491509,0.05736402364369799,0.5223139972055888,0.5285179,0.13587046153846152,0.07555044419865105,0.11188527607361962,0.1489,1.9525556143856144,0.017463787087775462,1.9467964271457083,1.94735,246.65734265734267,8.190083548503551,248.29341317365268,248.0,True,DSSP completed on 11 frames,97.0,13.446189051177289,90,53.45454545454545,5.410427642315095,51,99.81818181818181,10.332649048701711,95,73.72727272727273,9.231369444355579,88,324.0,0.0,324,0.29938271604938277,0.04150058349128793,0.2777777777777778,0.16498316498316498,0.016698850747886095,0.1574074074074074,0.3080808080808081,0.03189089212562256,0.2932098765432099,0.2275533108866442,0.028491881001097463,0.2716049382716049,0.46436588103254767,0.046855951372470006,0.43518518518518523
Q9HGX1_MUT_DA11K_fungal_GH10_best,Q9HGX1,MUT,DA11K,fungal,GH10,373,/home/ubuntu/xylanase-thesis/md_tier2_wt_mutant_compact/systems/Q9HGX1_MUT_DA11K_fungal_GH10_best/373K,0.4573321967032967,0.053699835811672446,0.48304536806387227,0.4788188,0.16627753846153845,0.12896269828705387,0.13460797546012268,0.1663,2.00227998001998,0.0197072360314581,1.9876226546906188,1.9844,241.24175824175825,8.882313578426203,243.2255489021956,258.0,True,DSSP completed on 11 frames,108.63636363636364,10.375670843591053,109,54.90909090909091,4.323298404101791,56,96.0,6.708203932499369,95,64.45454545454545,7.367002597578425,64,324.0,0.0,324,0.33529741863075196,0.032023675443182256,0.33641975308641975,0.16947250280583612,0.013343513592906761,0.1728395061728395,0.29629629629629634,0.020704333124998052,0.2932098765432099,0.19893378226711558,0.022737662338205015,0.19753086419753085,0.504769921436588,0.02971193674717825,0.5092592592592593
Q9HGX1_WT_fungal_GH10_best,Q9HGX1,WT,,fungal,GH10,333,/home/ubuntu/xylanase-thesis/md_tier2_wt_mutant_compact/systems/Q9HGX1_WT_fungal_GH10_best/333K,0.34724263536463534,0.04138828246794191,0.34601889221556886,0.3480107,0.14610646153846155,0.10266977443033781,0.11638159509202453,0.3,1.9854111588411587,0.01720531827824595,1.9769484231536927,1.96413,248.03996003996005,8.734552169310204,248.72654690618762,251.0,True,DSSP completed on 11 frames,99.54545454545455,16.77118741391698,100,55.18181818181818,5.913005696228979,59,96.0909090909091,13.194351408497088,99,73.18181818181819,14.483219129863235,66,324.0,0.0,324,0.3072390572390572,0.05176292411702771,0.30864197530864196,0.17031425364758698,0.018250017580953643,0.18209876543209877,0.29657687991021314,0.04072330681634904,0.3055555555555556,0.22586980920314256,0.044701293610689,0.2037037037037037,0.4775533108866442,0.06397294090995705,0.4907407407407407
Q9HGX1_WT_fungal_GH10_best,Q9HGX1,WT,,fungal,GH10,373,/home/ubuntu/xylanase-thesis/md_tier2_wt_mutant_compact/systems/Q9HGX1_WT_fungal_GH10_best/373K,0.666689901998002,0.10661643298854832,0.6871371345309382,0.5453337,0.22759446153846152,0.2090829728532001,0.1664638036809816,0.2799,2.036927852147852,0.03174931642858028,2.0482313173652695,2.0804,242.63836163836163,8.576426232008698,243.76646706586826,237.0,True,DSSP completed on 11 frames,88.9090909090909,13.902910094325904,96,46.90909090909091,10.270876744022832,41,107.0909090909091,12.613124477737824,118,81.0909090909091,15.227964706122386,69,324.0,0.0,324,0.27441077441077444,0.04291021634051204,0.2962962962962963,0.1447811447811448,0.03170023686426801,0.12654320987654322,0.33052749719416386,0.03892939653622785,0.36419753086419754,0.250280583613917,0.04699989106827898,0.21296296296296297,0.41919191919191917,0.05486224073463577,0.4228395061728395
