protein,ligand,mutation,foldx_ddg,wt_binding_energy,mut_binding_energy,delta_binding_mut_minus_wt,wt_mean_top3_binding,mut_mean_top3_binding,delta_top3_mut_minus_wt,functional_integrity,organism,organism_type,gh_family,ddg,foldx_energy_per_residue,sasa_per_res,hbond_per_res,disulfide_per_res
A0AD65,xylobiose,AA38K,-1.973,-4.82,-4.395,0.4250000000000007,-4.319333333333334,-4.262999999999999,0.05633333333333468,retained_binding,Streptomyces ambofaciens (strain ATCC 23877 / 3486 / DSM 40053 / JCM 4204 / NBRC 12836 / NRRL B-2516),bacterial,GH10,-1.97348,0.4421233183856503,64.68701793721974,0.9349775784753364,0.0044843049327354
A0AD65,xylotriose,AA38K,-1.973,-4.581,-6.692,-2.1109999999999998,-4.2763333333333335,-6.44,-2.163666666666667,improved_binding,Streptomyces ambofaciens (strain ATCC 23877 / 3486 / DSM 40053 / JCM 4204 / NBRC 12836 / NRRL B-2516),bacterial,GH10,-1.97348,0.4421233183856503,64.68701793721974,0.9349775784753364,0.0044843049327354
A3QRI7,xylobiose,TA42I,-0.56,-5.806,-5.836,-0.03000000000000025,-5.661333333333334,-5.758,-0.09666666666666579,retained_binding,Paenibacillus sp. HY8,bacterial,GH11,-0.559994,0.3698303317535545,53.54431279620853,1.146919431279621,0.0
A3QRI7,xylotriose,TA42I,-0.56,-6.733,-6.86,-0.12700000000000067,-6.561,-6.586333333333333,-0.025333333333333208,retained_binding,Paenibacillus sp. HY8,bacterial,GH11,-0.559994,0.3698303317535545,53.54431279620853,1.146919431279621,0.0
A4GG22,xylobiose,SA102P,-2.366,-6.03,-5.784,0.24600000000000044,-5.666,-5.696333333333333,-0.030333333333332213,retained_binding,Paenibacillus sp. DG-22,bacterial,GH11,-2.36557,0.346311374407583,54.23957345971564,1.1658767772511849,0.0
A4GG22,xylotriose,SA102P,-2.366,-7.895,-8.288,-0.3930000000000007,-7.1066666666666665,-8.110999999999999,-1.0043333333333324,retained_binding,Paenibacillus sp. DG-22,bacterial,GH11,-2.36557,0.346311374407583,54.23957345971564,1.1658767772511849,0.0
A4IP71,xylobiose,DA54G,-2.038,-6.406,-5.955,0.4509999999999996,-5.924,-5.710999999999999,0.21300000000000097,retained_binding,Geobacillus thermodenitrificans (strain NG80-2),bacterial,GH10,-2.03801,0.0831039312039312,51.26262899262899,0.8746928746928747,0.0
A4IP71,xylotriose,DA54G,-2.038,-7.236,-7.166,0.0699999999999994,-7.054333333333333,-6.983999999999999,0.07033333333333402,retained_binding,Geobacillus thermodenitrificans (strain NG80-2),bacterial,GH10,-2.03801,0.0831039312039312,51.26262899262899,0.8746928746928747,0.0
A4IP84,xylobiose,DA17H,-1.107,-4.675,-5.861,-1.186,-4.426333333333333,-5.367333333333334,-0.9410000000000007,improved_binding,Geobacillus thermodenitrificans (strain NG80-2),bacterial,GH10,-1.10702,0.094318018018018,44.81282282282282,0.8768768768768769,0.0
A4IP84,xylotriose,DA17H,-1.107,-5.782,-7.291,-1.5090000000000003,-5.607333333333333,-7.066,-1.4586666666666668,improved_binding,Geobacillus thermodenitrificans (strain NG80-2),bacterial,GH10,-1.10702,0.094318018018018,44.81282282282282,0.8768768768768769,0.0
A4XM50,xylobiose,TA15K,-1.679,-5.806,-5.597,0.20899999999999963,-5.718666666666667,-5.532333333333334,0.1863333333333328,retained_binding,Caldicellulosiruptor saccharolyticus (strain ATCC 43494 / DSM 8903 / Tp8T 6331),bacterial,GH10,-1.67881,0.0335988130563798,46.8026409495549,0.8724035608308606,0.0
A4XM50,xylotriose,TA15K,-1.679,-7.163,-7.166,-0.0030000000000001137,-7.043666666666667,-7.059,-0.015333333333333421,retained_binding,Caldicellulosiruptor saccharolyticus (strain ATCC 43494 / DSM 8903 / Tp8T 6331),bacterial,GH10,-1.67881,0.0335988130563798,46.8026409495549,0.8724035608308606,0.0
A5FIE5,xylobiose,TA27S,-3.074,-6.059,-6.06,-0.0009999999999994458,-6.020333333333333,-6.005,0.015333333333333421,retained_binding,Flavobacterium johnsoniae (strain ATCC 17061 / DSM 2064 / JCM 8514 / BCRC 14874 / CCUG 350202 / NBRC 14942 / NCIMB 11054 / UW101) (Cytophaga johnsonae),bacterial,GH10,-3.07388,0.3790379403794038,51.3018970189702,0.8970189701897019,0.0
A5FIE5,xylotriose,TA27S,-3.074,-8.366,-7.732,0.6339999999999995,-8.264999999999999,-7.645666666666667,0.6193333333333317,weakened_binding,Flavobacterium johnsoniae (strain ATCC 17061 / DSM 2064 / JCM 8514 / BCRC 14874 / CCUG 350202 / NBRC 14942 / NCIMB 11054 / UW101) (Cytophaga johnsonae),bacterial,GH10,-3.07388,0.3790379403794038,51.3018970189702,0.8970189701897019,0.0
A5H0S3,xylobiose,PA35Q,-0.788,-5.471,-4.863,0.6079999999999997,-5.155,-4.822666666666667,0.3323333333333336,weakened_binding,Bacillus licheniformis,bacterial,GH11,-0.787662,0.2727779342723004,56.275070422535215,1.1737089201877935,0.0
A5H0S3,xylotriose,PA35Q,-0.788,-6.574,-6.449,0.125,-6.493666666666667,-6.323,0.17066666666666652,retained_binding,Bacillus licheniformis,bacterial,GH11,-0.787662,0.2727779342723004,56.275070422535215,1.1737089201877935,0.0
A7TVD4,xylobiose,RA55K,-0.471,-5.931,-6.219,-0.28800000000000026,-5.782,-6.090333333333334,-0.30833333333333357,retained_binding,Streptomyces fradiae (Streptomyces roseoflavus),bacterial,GH10,-0.47103,0.329194560669456,46.235606694560666,0.9163179916317992,0.0104602510460251
A7TVD4,xylotriose,RA55K,-0.471,-7.846,-7.47,0.37600000000000033,-7.549666666666667,-7.399999999999999,0.1496666666666684,retained_binding,Streptomyces fradiae (Streptomyces roseoflavus),bacterial,GH10,-0.47103,0.329194560669456,46.235606694560666,0.9163179916317992,0.0104602510460251
A7Z9N2,xylobiose,SA18E,-0.822,-6.487,-5.57,0.9169999999999998,-5.948,-5.506,0.44200000000000017,weakened_binding,Bacillus velezensis (strain DSM 23117 / BGSC 10A6 / LMG 26770 / FZB42) (Bacillus amyloliquefaciens subsp. plantarum),bacterial,GH11,-0.82224,0.3366652582159624,52.831502347417846,1.1737089201877935,0.0
A7Z9N2,xylotriose,SA18E,-0.822,-6.736,-7.462,-0.726,-6.621666666666667,-7.290666666666667,-0.6689999999999996,improved_binding,Bacillus velezensis (strain DSM 23117 / BGSC 10A6 / LMG 26770 / FZB42) (Bacillus amyloliquefaciens subsp. plantarum),bacterial,GH11,-0.82224,0.3366652582159624,52.831502347417846,1.1737089201877935,0.0
A8FE31,xylobiose,TA19G,-0.293,-6.333,-6.3,0.03300000000000036,-6.267666666666667,-6.223333333333333,0.044333333333334224,retained_binding,Bacillus pumilus (strain SAFR-032),bacterial,GH11,-0.29302,0.349825,54.51929824561403,1.1842105263157894,0.0
A8FE31,xylotriose,TA19G,-0.293,-8.768,-8.774,-0.005999999999998451,-8.648333333333333,-8.610333333333331,0.03800000000000203,retained_binding,Bacillus pumilus (strain SAFR-032),bacterial,GH11,-0.29302,0.349825,54.51929824561403,1.1842105263157894,0.0
A9KJ59,xylobiose,IA15R,-0.712,-6.227,-6.099,0.1280000000000001,-5.524,-6.022666666666667,-0.4986666666666668,retained_binding,Lachnoclostridium phytofermentans (strain ATCC 700394 / DSM 18823 / ISDg) (Clostridium phytofermentans),bacterial,GH11,-0.712216,0.3849933962264151,54.28622641509434,1.1650943396226414,0.0
A9KJ59,xylotriose,IA15R,-0.712,-7.631,-7.909,-0.2779999999999996,-7.561666666666667,-7.425,0.1366666666666676,retained_binding,Lachnoclostridium phytofermentans (strain ATCC 700394 / DSM 18823 / ISDg) (Clostridium phytofermentans),bacterial,GH11,-0.712216,0.3849933962264151,54.28622641509434,1.1650943396226414,0.0
A9KQ55,xylobiose,DA10A,-0.488,-5.776,-5.927,-0.1509999999999998,-5.477999999999999,-5.536666666666666,-0.05866666666666731,retained_binding,Lachnoclostridium phytofermentans (strain ATCC 700394 / DSM 18823 / ISDg) (Clostridium phytofermentans),bacterial,GH10,-0.487771,0.2069529595015576,46.05252336448599,0.8785046728971962,0.0
A9KQ55,xylotriose,DA10A,-0.488,-7.133,-6.971,0.16199999999999992,-7.088333333333334,-6.871333333333333,0.21700000000000053,retained_binding,Lachnoclostridium phytofermentans (strain ATCC 700394 / DSM 18823 / ISDg) (Clostridium phytofermentans),bacterial,GH10,-0.487771,0.2069529595015576,46.05252336448599,0.8785046728971962,0.0
B0ZSE5,xylobiose,NA65G,-3.423,-5.951,-5.669,0.28200000000000003,-5.866333333333333,-5.521999999999999,0.34433333333333405,retained_binding,Streptomyces sp. zxy19,bacterial,GH11,-3.4234,0.3611991341991342,57.96965367965368,1.173160173160173,0.0
B0ZSE5,xylotriose,NA65G,-3.423,-8.108,-7.328,0.7800000000000002,-7.949000000000001,-7.166,0.7830000000000004,weakened_binding,Streptomyces sp. zxy19,bacterial,GH11,-3.4234,0.3611991341991342,57.96965367965368,1.173160173160173,0.0
B1A4I1,xylobiose,LA20F,-1.377,-6.086,-6.08,0.006000000000000227,-5.984000000000001,-6.025,-0.04099999999999948,retained_binding,Bacillus pumilus (Bacillus mesentericus),bacterial,GH11,-1.37654,0.3076464912280702,53.91530701754386,1.1710526315789471,0.0
B1A4I1,xylotriose,LA20F,-1.377,-8.892,-8.897,-0.005000000000000782,-8.716666666666667,-8.663333333333334,0.05333333333333279,retained_binding,Bacillus pumilus (Bacillus mesentericus),bacterial,GH11,-1.37654,0.3076464912280702,53.91530701754386,1.1710526315789471,0.0
B1ZPQ7,xylobiose,LA42Y,-1.935,-6.399,-6.363,0.03599999999999959,-6.188,-6.261333333333333,-0.07333333333333325,retained_binding,Opitutus terrae (strain DSM 11246 / JCM 15787 / PB90-1),bacterial,GH10,-1.93537,0.3997198952879581,53.40149214659686,0.9109947643979056,0.0
B1ZPQ7,xylotriose,LA42Y,-1.935,-7.305,-8.327,-1.0220000000000002,-7.138000000000001,-7.532333333333334,-0.394333333333333,improved_binding,Opitutus terrae (strain DSM 11246 / JCM 15787 / PB90-1),bacterial,GH10,-1.93537,0.3997198952879581,53.40149214659686,0.9109947643979056,0.0
B2CZF9,xylobiose,YA21W,-1.428,-5.691,-5.889,-0.1980000000000004,-5.5953333333333335,-5.771999999999999,-0.17666666666666586,retained_binding,Hypocrea jecorina (Trichoderma reesei),fungal,GH11,-1.42791,0.3870642857142857,45.336938775510205,1.1785714285714286,0.0
B2CZF9,xylotriose,YA21W,-1.428,-8.966,-7.258,1.7079999999999993,-8.258000000000001,-7.125,1.133000000000001,weakened_binding,Hypocrea jecorina (Trichoderma reesei),fungal,GH11,-1.42791,0.3870642857142857,45.336938775510205,1.1785714285714286,0.0
B3PC74,xylobiose,TA37A,-0.797,-6.821,-6.658,0.16299999999999937,-6.439333333333333,-6.312333333333334,0.1269999999999989,retained_binding,Cellvibrio japonicus (strain Ueda107) (Pseudomonas fluorescens subsp. cellulosa),bacterial,GH10,-0.796809,0.0778690476190476,51.70555555555556,0.8809523809523809,0.0
B3PC74,xylotriose,TA37A,-0.797,-7.911,-7.713,0.1979999999999995,-7.846333333333334,-7.629333333333334,0.21699999999999964,retained_binding,Cellvibrio japonicus (strain Ueda107) (Pseudomonas fluorescens subsp. cellulosa),bacterial,GH10,-0.796809,0.0778690476190476,51.70555555555556,0.8809523809523809,0.0
B5M201,xylobiose,RA51K,-2.299,-5.912,-6.167,-0.2549999999999999,-5.839333333333333,-5.471333333333334,0.36799999999999944,retained_binding,Geobacillus sp. WBI,bacterial,GH10,-2.29942,0.0320213759213759,50.00985257985258,0.8894348894348895,0.0
B5M201,xylotriose,RA51K,-2.299,-7.752,-7.817,-0.06500000000000039,-7.649999999999999,-7.656666666666666,-0.006666666666667709,retained_binding,Geobacillus sp. WBI,bacterial,GH10,-2.29942,0.0320213759213759,50.00985257985258,0.8894348894348895,0.0
B5M6I0,xylobiose,AA171T,-1.592,-5.55,-5.831,-0.2810000000000006,-5.378666666666667,-5.429333333333333,-0.050666666666666416,retained_binding,Bacillus amyloliquefaciens (Bacillus velezensis),bacterial,GH11,-1.59201,0.3256643192488263,54.27807511737089,1.1502347417840375,0.0
B5M6I0,xylotriose,AA171T,-1.592,-6.793,-7.07,-0.27700000000000014,-6.657333333333334,-6.947666666666667,-0.2903333333333329,retained_binding,Bacillus amyloliquefaciens (Bacillus velezensis),bacterial,GH11,-1.59201,0.3256643192488263,54.27807511737089,1.1502347417840375,0.0
B5WY69,xylobiose,LA60I,-2.397,-5.433,-5.227,0.20599999999999952,-5.379333333333332,-5.199666666666666,0.17966666666666598,retained_binding,Colletotrichum graminicola (Maize anthracnose fungus) (Glomerella graminicola),fungal,GH10,-2.39699,0.2690526845637584,48.47,0.8691275167785235,0.0033557046979865
B5WY69,xylotriose,LA60I,-2.397,-6.773,-6.789,-0.016000000000000014,-6.724333333333334,-6.787,-0.06266666666666598,retained_binding,Colletotrichum graminicola (Maize anthracnose fungus) (Glomerella graminicola),fungal,GH10,-2.39699,0.2690526845637584,48.47,0.8691275167785235,0.0033557046979865
B5YA84,xylobiose,TA44Y,-1.712,-6.171,-5.725,0.4460000000000006,-6.053999999999999,-5.600666666666666,0.45333333333333314,retained_binding,Dictyoglomus thermophilum (strain ATCC 35947 / DSM 3960 / H-6-12),bacterial,GH10,-1.71228,0.2486059659090909,52.20596590909091,0.8892045454545454,0.0
B5YA84,xylotriose,TA44Y,-1.712,-7.926,-7.917,0.009000000000000341,-7.608666666666667,-7.52,0.08866666666666756,retained_binding,Dictyoglomus thermophilum (strain ATCC 35947 / DSM 3960 / H-6-12),bacterial,GH10,-1.71228,0.2486059659090909,52.20596590909091,0.8892045454545454,0.0
B6F253,xylobiose,FA99L,-1.422,-5.708,-5.431,0.27700000000000014,-5.54,-5.3950000000000005,0.14499999999999957,retained_binding,Penicillium chrysogenum (Penicillium notatum),fungal,GH10,-1.42214,0.4071389728096677,43.29135951661632,0.8761329305135952,0.0030211480362537
B6F253,xylotriose,FA99L,-1.422,-6.812,-6.844,-0.03200000000000003,-6.754333333333334,-6.765000000000001,-0.01066666666666638,retained_binding,Penicillium chrysogenum (Penicillium notatum),fungal,GH10,-1.42214,0.4071389728096677,43.29135951661632,0.8761329305135952,0.0030211480362537
B6HDC7,xylobiose,FA99L,-1.489,-6.355,-4.982,1.3730000000000002,-6.063,-4.928,1.1349999999999998,weakened_binding,Penicillium rubens (strain ATCC 28089 / DSM 1075 / NRRL 1951 / Wisconsin 54-1255) (Penicillium chrysogenum),fungal,GH10,-1.48946,0.3983655589123867,43.41187311178248,0.879154078549849,0.0030211480362537
B6HDC7,xylotriose,FA99L,-1.489,-7.184,-7.382,-0.1979999999999995,-6.823,-7.117999999999999,-0.29499999999999904,retained_binding,Penicillium rubens (strain ATCC 28089 / DSM 1075 / NRRL 1951 / Wisconsin 54-1255) (Penicillium chrysogenum),fungal,GH10,-1.48946,0.3983655589123867,43.41187311178248,0.879154078549849,0.0030211480362537
B6VF01,xylobiose,FA11K,-3.046,-5.138,-4.282,0.8559999999999999,-4.853,-4.222,0.6309999999999993,weakened_binding,Paenibacillus sp. HPL-001,bacterial,GH10,-3.0461,0.3336918429003021,43.92108761329305,0.8882175226586103,0.0
B6VF01,xylotriose,FA11K,-3.046,-5.598,-5.492,0.10599999999999987,-5.466666666666666,-5.369,0.09766666666666612,retained_binding,Paenibacillus sp. HPL-001,bacterial,GH10,-3.0461,0.3336918429003021,43.92108761329305,0.8882175226586103,0.0
B8E346,xylobiose,VA9K,-0.948,-3.88,-4.23,-0.35000000000000053,-3.856333333333333,-4.160666666666667,-0.30433333333333357,retained_binding,Dictyoglomus turgidum (strain DSM 6724 / Z-1310),bacterial,GH10,-0.947869,0.0261415789473684,44.8866253869969,0.8885448916408669,0.0
B8E346,xylotriose,VA9K,-0.948,-5.908,-5.916,-0.008000000000000007,-5.643666666666667,-5.772333333333333,-0.12866666666666582,retained_binding,Dictyoglomus turgidum (strain DSM 6724 / Z-1310),bacterial,GH10,-0.947869,0.0261415789473684,44.8866253869969,0.8885448916408669,0.0
B8I371,xylobiose,VA46A,-1.311,-5.74,-6.596,-0.8559999999999999,-5.628666666666667,-6.058,-0.4293333333333331,improved_binding,Ruminiclostridium cellulolyticum (strain ATCC 35319 / DSM 5812 / JCM 6584 / H10) (Clostridium cellulolyticum),bacterial,GH11,-1.31117,0.3960698113207547,54.90679245283019,1.150943396226415,0.0
B8I371,xylotriose,VA46A,-1.311,-7.752,-7.156,0.5960000000000001,-7.493333333333333,-6.776666666666666,0.7166666666666668,weakened_binding,Ruminiclostridium cellulolyticum (strain ATCC 35319 / DSM 5812 / JCM 6584 / H10) (Clostridium cellulolyticum),bacterial,GH11,-1.31117,0.3960698113207547,54.90679245283019,1.150943396226415,0.0
B9K766,xylobiose,NA33G,-2.518,-6.472,-6.421,0.051000000000000156,-6.307666666666667,-6.249,0.05866666666666731,retained_binding,Thermotoga neapolitana (strain ATCC 49049 / DSM 4359 / NBRC 107923 / NS-E),bacterial,GH10,-2.51777,-0.0501592485549132,47.57869942196532,0.907514450867052,0.0
B9K766,xylotriose,NA33G,-2.518,-8.044,-8.046,-0.0019999999999988916,-7.845333333333333,-7.881333333333333,-0.036000000000000476,retained_binding,Thermotoga neapolitana (strain ATCC 49049 / DSM 4359 / NBRC 107923 / NS-E),bacterial,GH10,-2.51777,-0.0501592485549132,47.57869942196532,0.907514450867052,0.0
B9VSZ3,xylobiose,NA48G,-2.293,-4.856,-5.229,-0.3730000000000002,-4.710666666666667,-5.156333333333333,-0.4456666666666669,retained_binding,Demequina sp. JK4,bacterial,GH10,-2.29253,0.4733099787685775,68.77205944798301,0.9363057324840764,0.0042462845010615
B9VSZ3,xylotriose,NA48G,-2.293,-6.998,-7.267,-0.26900000000000013,-6.914333333333334,-7.1323333333333325,-0.2179999999999982,retained_binding,Demequina sp. JK4,bacterial,GH10,-2.29253,0.4733099787685775,68.77205944798301,0.9363057324840764,0.0042462845010615
B9ZZN9,xylobiose,SA23Y,-0.713,-5.265,-5.476,-0.2110000000000003,-5.192333333333333,-5.198666666666667,-0.006333333333333968,retained_binding,Bacillus subtilis,bacterial,GH11,-0.713253,0.2585112676056338,53.53042253521127,1.1690140845070425,0.0
B9ZZN9,xylotriose,SA23Y,-0.713,-7.126,-7.223,-0.09699999999999953,-6.976333333333334,-6.895,0.08133333333333415,retained_binding,Bacillus subtilis,bacterial,GH11,-0.713253,0.2585112676056338,53.53042253521127,1.1690140845070425,0.0
C0LK93,xylobiose,SA90T,-1.35,-5.143,-6.069,-0.9260000000000002,-4.886666666666667,-5.683666666666667,-0.7970000000000006,improved_binding,Paraglaciecola mesophila,bacterial,GH10,-1.35013,0.4173758865248227,60.15697399527187,0.9196217494089834,0.0
C0LK93,xylotriose,SA90T,-1.35,-8.078,-8.088,-0.009999999999999787,-7.539333333333331,-7.77,-0.2306666666666688,retained_binding,Paraglaciecola mesophila,bacterial,GH10,-1.35013,0.4173758865248227,60.15697399527187,0.9196217494089834,0.0
C0M1B6,xylobiose,AA26V,-0.964,-5.8,-6.036,-0.23599999999999977,-5.662,-5.901,-0.23899999999999988,retained_binding,Flavobacterium sp. LW53,bacterial,GH10,-0.964109,0.3343360433604336,51.39024390243903,0.8943089430894309,0.0
C0M1B6,xylotriose,AA26V,-0.964,-8.414,-8.626,-0.21199999999999974,-8.048333333333334,-8.256333333333332,-0.2079999999999984,retained_binding,Flavobacterium sp. LW53,bacterial,GH10,-0.964109,0.3343360433604336,51.39024390243903,0.8943089430894309,0.0
C3RYK8,xylobiose,VA59T,-1.614,-6.006,-6.241,-0.23499999999999943,-5.916333333333334,-6.166666666666667,-0.25033333333333285,retained_binding,Streptomyces sp. S27,bacterial,GH10,-1.61441,0.3244088050314465,46.884171907756816,0.9182389937106918,0.0083857442348008
C3RYK8,xylotriose,VA59T,-1.614,-8.232,-8.473,-0.24100000000000144,-8.118666666666666,-8.345666666666666,-0.2270000000000003,retained_binding,Streptomyces sp. S27,bacterial,GH10,-1.61441,0.3244088050314465,46.884171907756816,0.9182389937106918,0.0083857442348008
C5BPD1,xylobiose,DA38A,-1.179,-6.397,-6.464,-0.06700000000000017,-6.217666666666666,-6.315333333333334,-0.0976666666666679,retained_binding,Teredinibacter turnerae (strain ATCC 39867 / T7901),bacterial,GH10,-1.17853,0.2088139841688654,52.049129287598944,0.8918205804749341,0.0
C5BPD1,xylotriose,DA38A,-1.179,-8.529,-8.569,-0.040000000000000924,-8.496666666666668,-8.511333333333333,-0.014666666666665051,retained_binding,Teredinibacter turnerae (strain ATCC 39867 / T7901),bacterial,GH10,-1.17853,0.2088139841688654,52.049129287598944,0.8918205804749341,0.0
C5BQQ4,xylobiose,VA40T,-1.996,-5.924,-6.455,-0.5309999999999997,-5.816,-6.291333333333334,-0.4753333333333343,improved_binding,Teredinibacter turnerae (strain ATCC 39867 / T7901),bacterial,GH10,-1.99625,0.35902624671916,50.08850393700788,0.910761154855643,0.0
C5BQQ4,xylotriose,VA40T,-1.996,-8.448,-8.674,-0.2259999999999991,-8.158,-8.150333333333334,0.007666666666665378,retained_binding,Teredinibacter turnerae (strain ATCC 39867 / T7901),bacterial,GH10,-1.99625,0.35902624671916,50.08850393700788,0.910761154855643,0.0
C5MTD6,xylobiose,KA171T,-0.422,-5.587,-6.651,-1.064,-5.436333333333333,-6.538,-1.1016666666666675,improved_binding,Bacillus sp. YJ6,bacterial,GH11,-0.422285,0.2963713615023474,54.55178403755869,1.1737089201877935,0.0
C5MTD6,xylotriose,KA171T,-0.422,-7.693,-7.814,-0.12100000000000044,-7.560666666666666,-7.611,-0.05033333333333356,retained_binding,Bacillus sp. YJ6,bacterial,GH11,-0.422285,0.2963713615023474,54.55178403755869,1.1737089201877935,0.0
C6F1T5,xylobiose,SA175T,-0.348,-5.302,-6.262,-0.96,-5.1786666666666665,-5.840333333333334,-0.6616666666666671,improved_binding,Bacillus subtilis,bacterial,GH11,-0.348351,0.3474159624413145,53.34971830985916,1.1690140845070425,0.0
C6F1T5,xylotriose,SA175T,-0.348,-6.825,-7.139,-0.31400000000000006,-6.812333333333334,-6.884666666666667,-0.07233333333333292,retained_binding,Bacillus subtilis,bacterial,GH11,-0.348351,0.3474159624413145,53.34971830985916,1.1690140845070425,0.0
C6WS74,xylobiose,AA46K,-0.734,-4.843,-4.852,-0.009000000000000341,-4.317,-4.753666666666667,-0.43666666666666654,retained_binding,Actinosynnema mirum (strain ATCC 29888 / DSM 43827 / JCM 3225 / NBRC 14064 / NCIMB 13271 / NRRL B-12336 / IMRU 3971 / 101),bacterial,GH10,-0.733735,0.3622838137472283,62.74348115299336,0.9290465631929048,0.0022172949002217
C6WS74,xylotriose,AA46K,-0.734,-6.587,-7.275,-0.6880000000000006,-6.552333333333333,-6.980666666666667,-0.4283333333333337,improved_binding,Actinosynnema mirum (strain ATCC 29888 / DSM 43827 / JCM 3225 / NBRC 14064 / NCIMB 13271 / NRRL B-12336 / IMRU 3971 / 101),bacterial,GH10,-0.733735,0.3622838137472283,62.74348115299336,0.9290465631929048,0.0022172949002217
C6XQH5,xylobiose,IA44K,-1.78,-5.621,-6.272,-0.6509999999999998,-5.384666666666667,-5.632666666666666,-0.24799999999999933,improved_binding,Hirschia baltica (strain ATCC 49814 / DSM 5838 / IFAM 1418),bacterial,GH10,-1.78047,0.3385879265091864,53.41288713910762,0.9002624671916011,0.0
C6XQH5,xylotriose,IA44K,-1.78,-7.928,-8.08,-0.15200000000000014,-7.517666666666667,-7.641000000000001,-0.12333333333333396,retained_binding,Hirschia baltica (strain ATCC 49814 / DSM 5838 / IFAM 1418),bacterial,GH10,-1.78047,0.3385879265091864,53.41288713910762,0.9002624671916011,0.0
C7DZC1,xylobiose,TA31I,-1.351,-5.794,-6.381,-0.5870000000000006,-5.704,-6.125666666666668,-0.42166666666666863,improved_binding,Priestia megaterium (Bacillus megaterium),bacterial,GH11,-1.35054,0.271781220657277,54.603051643192494,1.164319248826291,0.0
C7DZC1,xylotriose,TA31I,-1.351,-7.945,-8.523,-0.5779999999999994,-7.746666666666667,-8.232000000000001,-0.48533333333333406,improved_binding,Priestia megaterium (Bacillus megaterium),bacterial,GH11,-1.35054,0.271781220657277,54.603051643192494,1.164319248826291,0.0
C7MGN0,xylobiose,AA15G,-2.024,-6.906,-5.918,0.9879999999999995,-6.702333333333333,-5.882000000000001,0.8203333333333322,weakened_binding,Brachybacterium faecium (strain ATCC 43885 / DSM 4810 / JCM 11609 / LMG 19847 / NBRC 14762 / NCIMB 9860 / 6-10),bacterial,GH10,-2.02392,0.4400052219321149,52.06180156657963,0.93733681462141,0.0
C7MGN0,xylotriose,AA15G,-2.024,-7.919,-7.491,0.42799999999999994,-7.813666666666666,-7.373666666666668,0.4399999999999986,retained_binding,Brachybacterium faecium (strain ATCC 43885 / DSM 4810 / JCM 11609 / LMG 19847 / NBRC 14762 / NCIMB 9860 / 6-10),bacterial,GH10,-2.02392,0.4400052219321149,52.06180156657963,0.93733681462141,0.0
C7NP66,xylobiose,NA12F,-4.269,-5.044,-4.876,0.16799999999999926,-4.865666666666667,-4.850666666666666,0.015000000000000568,retained_binding,Halorhabdus utahensis (strain DSM 12940 / JCM 11049 / AX-2),archaea,GH10,-4.26943,0.4285615141955836,47.15785488958991,0.9495268138801262,0.0
C7NP66,xylotriose,NA12F,-4.269,-7.056,-7.042,0.014000000000000234,-6.824000000000001,-6.846333333333334,-0.022333333333333094,retained_binding,Halorhabdus utahensis (strain DSM 12940 / JCM 11049 / AX-2),archaea,GH10,-4.26943,0.4285615141955836,47.15785488958991,0.9495268138801262,0.0
C8CB65,xylobiose,HA26K,-0.526,-6.368,-6.388,-0.019999999999999574,-6.342333333333333,-6.308666666666667,0.03366666666666607,retained_binding,Bacillus pumilus (Bacillus mesentericus),bacterial,GH11,-0.525527,0.3448324561403508,52.242982456140346,1.1842105263157894,0.0
C8CB65,xylotriose,HA26K,-0.526,-8.718,-8.729,-0.010999999999999233,-8.604999999999999,-8.654666666666666,-0.04966666666666697,retained_binding,Bacillus pumilus (Bacillus mesentericus),bacterial,GH11,-0.525527,0.3448324561403508,52.242982456140346,1.1842105263157894,0.0
C8WRS4,xylobiose,VA18L,-1.04,-4.753,-4.796,-0.04300000000000015,-4.671333333333333,-4.752,-0.08066666666666666,retained_binding,Alicyclobacillus acidocaldarius subsp. acidocaldarius (strain ATCC 27009 / DSM 446 / BCRC 14685 / JCM 5260 / KCTC 1825 / NBRC 15652 / NCIMB 11725 / NRRL B-14509 / 104-IA) (Bacillus acidocaldarius),bacterial,GH10,-1.03968,0.1127417159763313,45.7553550295858,0.893491124260355,0.0
C8WRS4,xylotriose,VA18L,-1.04,-6.171,-6.177,-0.005999999999999339,-5.892,-5.937333333333332,-0.04533333333333189,retained_binding,Alicyclobacillus acidocaldarius subsp. acidocaldarius (strain ATCC 27009 / DSM 446 / BCRC 14685 / JCM 5260 / KCTC 1825 / NBRC 15652 / NCIMB 11725 / NRRL B-14509 / 104-IA) (Bacillus acidocaldarius),bacterial,GH10,-1.03968,0.1127417159763313,45.7553550295858,0.893491124260355,0.0
C9Z2V1,xylobiose,AA64G,-2.686,-6.062,-5.969,0.09299999999999997,-6.032,-5.891333333333333,0.14066666666666716,retained_binding,Streptomyces scabiei (strain 87.22),bacterial,GH11,-2.68632,0.3342413793103448,57.35685344827586,1.1724137931034482,0.0
C9Z2V1,xylotriose,AA64G,-2.686,-7.717,-8.287,-0.5700000000000012,-7.609333333333333,-8.225666666666667,-0.6163333333333343,improved_binding,Streptomyces scabiei (strain 87.22),bacterial,GH11,-2.68632,0.3342413793103448,57.35685344827586,1.1724137931034482,0.0
C9ZE95,xylobiose,NA62H,-1.185,-6.139,-6.125,0.014000000000000234,-5.901,-5.770666666666667,0.13033333333333275,retained_binding,Streptomyces scabiei (strain 87.22),bacterial,GH10,-1.18532,0.3185876288659793,47.77872164948454,0.9175257731958762,0.0103092783505154
C9ZE95,xylotriose,NA62H,-1.185,-8.183,-8.151,0.03200000000000003,-7.743333333333333,-7.877,-0.1336666666666666,retained_binding,Streptomyces scabiei (strain 87.22),bacterial,GH10,-1.18532,0.3185876288659793,47.77872164948454,0.9175257731958762,0.0103092783505154
D0EM78,xylobiose,SA55K,-1.812,-5.603,-6.196,-0.593,-5.437333333333332,-6.047999999999999,-0.6106666666666669,improved_binding,Geobacillus sp. TC-W7,bacterial,GH10,-1.81238,0.1644108108108108,51.99496314496314,0.8820638820638821,0.0
D0EM78,xylotriose,SA55K,-1.812,-7.599,-7.877,-0.2779999999999996,-7.228333333333333,-7.587666666666666,-0.3593333333333337,retained_binding,Geobacillus sp. TC-W7,bacterial,GH10,-1.81238,0.1644108108108108,51.99496314496314,0.8820638820638821,0.0
D1G4K3,xylobiose,SA51T,-0.633,-5.897,-6.2,-0.30299999999999994,-5.529,-5.8180000000000005,-0.2890000000000006,retained_binding,Paecilomyces sp. 'thermophila',fungal,GH11,-0.633217,0.3415044247787611,55.979601769911504,1.1415929203539823,0.0044247787610619
D1G4K3,xylotriose,SA51T,-0.633,-8.275,-8.183,0.09200000000000053,-8.102666666666666,-8.031666666666666,0.07099999999999973,retained_binding,Paecilomyces sp. 'thermophila',fungal,GH11,-0.633217,0.3415044247787611,55.979601769911504,1.1415929203539823,0.0044247787610619
D2C759,xylobiose,NA33G,-1.803,-5.506,-6.48,-0.9740000000000002,-5.426666666666667,-6.228333333333334,-0.8016666666666676,improved_binding,Thermotoga petrophila (strain ATCC BAA-489 / DSM 13996 / JCM 10882 / RKU-10) (Thermotoga naphthophila),bacterial,GH10,-1.80319,-0.0516351744186046,48.31938953488372,0.9098837209302324,0.0
D2C759,xylotriose,NA33G,-1.803,-7.369,-8.093,-0.7240000000000002,-7.272333333333333,-7.735666666666667,-0.4633333333333338,improved_binding,Thermotoga petrophila (strain ATCC BAA-489 / DSM 13996 / JCM 10882 / RKU-10) (Thermotoga naphthophila),bacterial,GH10,-1.80319,-0.0516351744186046,48.31938953488372,0.9098837209302324,0.0
D2KPJ0,xylobiose,VA24S,-1.225,-5.866,-5.557,0.3089999999999993,-5.766000000000001,-5.523333333333333,0.24266666666666747,retained_binding,Bacillus sp. JB99,bacterial,GH11,-1.22535,0.3409904761904762,54.66,1.1666666666666667,0.0
D2KPJ0,xylotriose,VA24S,-1.225,-7.013,-7.117,-0.10400000000000009,-6.925333333333334,-6.824333333333333,0.10100000000000087,retained_binding,Bacillus sp. JB99,bacterial,GH11,-1.22535,0.3409904761904762,54.66,1.1666666666666667,0.0
D2QMX0,xylobiose,DA36A,-0.983,-6.198,-6.461,-0.2629999999999999,-5.906666666666666,-6.047,-0.14033333333333342,retained_binding,Spirosoma linguale (strain ATCC 33905 / DSM 74 / LMG 10896 / Claus 1),bacterial,GH10,-0.983334,0.3595756756756756,50.97364864864865,0.9135135135135136,0.0
D2QMX0,xylotriose,DA36A,-0.983,-7.814,-7.846,-0.03200000000000003,-7.698666666666667,-7.731666666666666,-0.032999999999998586,retained_binding,Spirosoma linguale (strain ATCC 33905 / DSM 74 / LMG 10896 / Claus 1),bacterial,GH10,-0.983334,0.3595756756756756,50.97364864864865,0.9135135135135136,0.0
D2XV89,xylobiose,AA55G,-3.118,-5.308,-5.482,-0.17400000000000038,-5.254666666666666,-5.267666666666667,-0.013000000000000789,retained_binding,Trichoderma sp. SC9,fungal,GH11,-3.11819,0.3226711711711711,55.22963963963964,1.1756756756756757,0.0
D2XV89,xylotriose,AA55G,-3.118,-8.116,-6.877,1.2389999999999999,-8.035333333333332,-6.874333333333333,1.1609999999999987,weakened_binding,Trichoderma sp. SC9,fungal,GH11,-3.11819,0.3226711711711711,55.22963963963964,1.1756756756756757,0.0
D3VWB5,xylobiose,RA20Y,-0.347,-4.066,-4.922,-0.8559999999999999,-4.013333333333333,-4.754333333333332,-0.7409999999999997,improved_binding,Alicyclobacillus sp. A4,bacterial,GH10,-0.347099,0.2638165680473373,44.67698224852071,0.9023668639053254,0.0
D3VWB5,xylotriose,RA20Y,-0.347,-5.846,-5.563,0.28300000000000036,-5.691,-5.484333333333333,0.206666666666667,retained_binding,Alicyclobacillus sp. A4,bacterial,GH10,-0.347099,0.2638165680473373,44.67698224852071,0.9023668639053254,0.0
D5BGE5,xylobiose,KA41S,-1.682,-6.362,-5.974,0.3879999999999999,-6.195666666666667,-5.8406666666666665,0.3550000000000004,retained_binding,Zunongwangia profunda (strain DSM 18752 / CCTCC AB 206139 / SM-A87) (Wangia profunda),bacterial,GH10,-1.68154,0.3227357512953367,54.98041450777202,0.9041450777202072,0.0
D5BGE5,xylotriose,KA41S,-1.682,-7.511,-7.72,-0.20899999999999963,-7.428999999999999,-7.533333333333334,-0.10433333333333472,retained_binding,Zunongwangia profunda (strain DSM 18752 / CCTCC AB 206139 / SM-A87) (Wangia profunda),bacterial,GH10,-1.68154,0.3227357512953367,54.98041450777202,0.9041450777202072,0.0
D5KTJ5,xylobiose,RA21Y,-1.025,-5.158,-5.245,-0.08699999999999974,-4.800999999999999,-5.0183333333333335,-0.21733333333333427,retained_binding,Cohnella laeviribosi,bacterial,GH10,-1.02505,0.2031158823529411,45.82191176470589,0.8941176470588236,0.0
D5KTJ5,xylotriose,RA21Y,-1.025,-6.002,-5.998,0.0039999999999995595,-5.815,-5.895333333333333,-0.08033333333333292,retained_binding,Cohnella laeviribosi,bacterial,GH10,-1.02505,0.2031158823529411,45.82191176470589,0.8941176470588236,0.0
D5LRR5,xylobiose,AA20T,-0.983,-5.777,-5.773,0.004000000000000448,-5.064,-5.186333333333333,-0.12233333333333274,retained_binding,Paenibacillus sp. HPL-002,bacterial,GH10,-0.982881,0.2392213855421686,43.38189759036145,0.8885542168674698,0.0
D5LRR5,xylotriose,AA20T,-0.983,-6.312,-6.344,-0.03200000000000003,-6.2636666666666665,-6.263333333333333,0.0003333333333337407,retained_binding,Paenibacillus sp. HPL-002,bacterial,GH10,-0.982881,0.2392213855421686,43.38189759036145,0.8885542168674698,0.0
D5UGW9,xylobiose,LA23A,-5.482,-5.349,-5.32,0.028999999999999915,-5.274,-5.29,-0.016000000000000014,retained_binding,Cellulomonas flavigena (strain ATCC 482 / DSM 20109 / BCRC 11376 / JCM 18109 / NBRC 3775 / NCIMB 8073 / NRS 134),bacterial,GH10,-5.48189,0.4537,50.99224324324325,0.9216216216216216,0.0027027027027027
D5UGW9,xylotriose,LA23A,-5.482,-7.294,-7.336,-0.0420000000000007,-7.157666666666667,-7.241333333333333,-0.08366666666666678,retained_binding,Cellulomonas flavigena (strain ATCC 482 / DSM 20109 / BCRC 11376 / JCM 18109 / NBRC 3775 / NCIMB 8073 / NRS 134),bacterial,GH10,-5.48189,0.4537,50.99224324324325,0.9216216216216216,0.0027027027027027
D6BQP4,xylobiose,VA13L,-0.749,-4.347,-4.262,0.08500000000000085,-4.276666666666666,-4.172666666666667,0.1039999999999992,retained_binding,Paenibacillus sp. E18,bacterial,GH10,-0.748617,0.0701489296636085,44.185198776758405,0.8990825688073395,0.0
D6BQP4,xylotriose,VA13L,-0.749,-5.398,-5.388,0.009999999999999787,-5.378,-5.377,0.001000000000000334,retained_binding,Paenibacillus sp. E18,bacterial,GH10,-0.748617,0.0701489296636085,44.185198776758405,0.8990825688073395,0.0
D6Y5E0,xylobiose,RA58K,-1.578,-5.896,-5.734,0.16199999999999992,-5.81,-5.391000000000001,0.4189999999999987,retained_binding,Thermobispora bispora (strain ATCC 19993 / DSM 43833 / CBS 139.67 / JCM 10125 / KCTC 9307 / NBRC 14880 / R51),bacterial,GH10,-1.57827,0.3325653923541247,48.15120724346077,0.9175050301810864,0.0080482897384305
D6Y5E0,xylotriose,RA58K,-1.578,-8.335,-7.239,1.096000000000001,-8.198,-7.044666666666667,1.1533333333333333,weakened_binding,Thermobispora bispora (strain ATCC 19993 / DSM 43833 / CBS 139.67 / JCM 10125 / KCTC 9307 / NBRC 14880 / R51),bacterial,GH10,-1.57827,0.3325653923541247,48.15120724346077,0.9175050301810864,0.0080482897384305
D7C6G6,xylobiose,SA53H,-0.729,-5.684,-6.145,-0.4609999999999994,-5.6193333333333335,-6.000333333333333,-0.38099999999999934,retained_binding,Streptomyces bingchenggensis (strain BCW-1),bacterial,GH10,-0.728595,0.2747920168067226,46.86121848739496,0.9243697478991596,0.0084033613445378
D7C6G6,xylotriose,SA53H,-0.729,-8.033,-8.039,-0.006000000000000227,-7.683,-7.749666666666666,-0.06666666666666643,retained_binding,Streptomyces bingchenggensis (strain BCW-1),bacterial,GH10,-0.728595,0.2747920168067226,46.86121848739496,0.9243697478991596,0.0084033613445378
D7CCK0,xylobiose,TA77V,-1.889,-6.009,-5.158,0.851,-5.848333333333334,-4.907666666666667,0.940666666666667,weakened_binding,Streptomyces bingchenggensis (strain BCW-1),bacterial,GH11,-1.88915,0.30522096069869,56.94222707423581,1.1615720524017468,0.0
D7CCK0,xylotriose,TA77V,-1.889,-7.346,-7.625,-0.2789999999999999,-7.137333333333333,-7.259666666666667,-0.12233333333333363,retained_binding,Streptomyces bingchenggensis (strain BCW-1),bacterial,GH11,-1.88915,0.30522096069869,56.94222707423581,1.1615720524017468,0.0
D7NNK8,xylobiose,RA14Y,-1.472,-5.783,-6.2,-0.4169999999999998,-5.435333333333333,-5.974333333333334,-0.5390000000000006,retained_binding,Anoxybacillus sp. E2(2009),bacterial,GH10,-1.47212,0.0354625,43.90679878048781,0.8658536585365854,0.0
D7NNK8,xylotriose,RA14Y,-1.472,-7.617,-7.621,-0.004000000000000448,-7.566333333333334,-7.483,0.08333333333333393,retained_binding,Anoxybacillus sp. E2(2009),bacterial,GH10,-1.47212,0.0354625,43.90679878048781,0.8658536585365854,0.0
D7RA44,xylobiose,QA60K,-1.725,-5.489,-5.413,0.07599999999999962,-5.453,-5.306666666666667,0.14633333333333365,retained_binding,Bacillus sp. N16-5,bacterial,GH10,-1.72509,0.1570834183673469,51.28099489795919,0.8903061224489796,0.0
D7RA44,xylotriose,QA60K,-1.725,-7.796,-7.796,0.0,-7.429333333333333,-7.440333333333334,-0.011000000000001009,retained_binding,Bacillus sp. N16-5,bacterial,GH10,-1.72509,0.1570834183673469,51.28099489795919,0.8903061224489796,0.0
D8UVH0,xylobiose,VA18L,-1.54,-4.52,-4.418,0.10199999999999942,-4.370666666666666,-4.373333333333334,-0.0026666666666681493,retained_binding,Alicyclobacillus sp. A15,bacterial,GH10,-1.53967,0.1853656534954407,45.99835866261398,0.8905775075987842,0.0
D8UVH0,xylotriose,VA18L,-1.54,-5.724,-5.756,-0.03200000000000003,-5.608333333333333,-5.722,-0.11366666666666703,retained_binding,Alicyclobacillus sp. A15,bacterial,GH10,-1.53967,0.1853656534954407,45.99835866261398,0.8905775075987842,0.0
E0YTQ6,xylobiose,NA139R,-2.229,-6.314,-5.746,0.5679999999999996,-6.29,-5.678999999999999,0.6110000000000007,weakened_binding,Bacillus subtilis,bacterial,GH11,-2.22877,0.2728465346534653,49.01470297029702,1.1584158415841583,0.0
E0YTQ6,xylotriose,NA139R,-2.229,-7.604,-7.968,-0.3639999999999999,-7.499333333333333,-7.763666666666666,-0.2643333333333322,retained_binding,Bacillus subtilis,bacterial,GH11,-2.22877,0.2728465346534653,49.01470297029702,1.1584158415841583,0.0
E1AHZ6,xylobiose,SA102P,-2.216,-5.339,-6.214,-0.875,-4.964,-5.844333333333334,-0.8803333333333336,improved_binding,Paenibacillus polymyxa (Bacillus polymyxa),bacterial,GH11,-2.21565,0.3553796208530805,53.57810426540284,1.1658767772511849,0.0
E1AHZ6,xylotriose,SA102P,-2.216,-6.946,-6.938,0.008000000000000007,-6.927333333333333,-6.858,0.06933333333333369,retained_binding,Paenibacillus polymyxa (Bacillus polymyxa),bacterial,GH11,-2.21565,0.3553796208530805,53.57810426540284,1.1658767772511849,0.0
E1B2N4,xylobiose,NA48T,-1.954,-5.343,-5.745,-0.40200000000000014,-5.273,-5.699666666666666,-0.42666666666666675,retained_binding,Penicillium oxalicum,fungal,GH10,-1.95367,0.1516093939393939,46.13333333333333,0.8787878787878788,0.003030303030303
E1B2N4,xylotriose,NA48T,-1.954,-6.853,-6.956,-0.10300000000000065,-6.7683333333333335,-6.931333333333334,-0.16300000000000026,retained_binding,Penicillium oxalicum,fungal,GH10,-1.95367,0.1516093939393939,46.13333333333333,0.8787878787878788,0.003030303030303
E2IHA1,xylobiose,IA14Y,-1.888,-6.024,-6.318,-0.2939999999999996,-5.944333333333333,-6.267333333333333,-0.3230000000000004,retained_binding,Bacillus pumilus (Bacillus mesentericus),bacterial,GH11,-1.88822,0.3178609649122807,51.40043859649123,1.1842105263157894,0.0
E2IHA1,xylotriose,IA14Y,-1.888,-8.521,-8.532,-0.010999999999999233,-8.300666666666666,-8.283666666666667,0.01699999999999946,retained_binding,Bacillus pumilus (Bacillus mesentericus),bacterial,GH11,-1.88822,0.3178609649122807,51.40043859649123,1.1842105263157894,0.0
E3EBI0,xylobiose,AA23Y,-0.646,-5.676,-5.904,-0.22799999999999976,-5.324666666666666,-5.631333333333333,-0.30666666666666664,retained_binding,Paenibacillus polymyxa (strain SC2) (Bacillus polymyxa),bacterial,GH11,-0.64581,0.3262915094339623,52.94330188679245,1.160377358490566,0.0
E3EBI0,xylotriose,AA23Y,-0.646,-7.049,-7.196,-0.14699999999999935,-6.834333333333333,-6.855666666666667,-0.02133333333333365,retained_binding,Paenibacillus polymyxa (strain SC2) (Bacillus polymyxa),bacterial,GH11,-0.64581,0.3262915094339623,52.94330188679245,1.160377358490566,0.0
E3WF08,xylobiose,YA25F,-3.339,-5.296,-4.656,0.6400000000000006,-5.190333333333334,-4.5793333333333335,0.6110000000000007,weakened_binding,Paenibacillus curdlanolyticus,bacterial,GH10,-3.33916,0.2287335243553008,47.76395415472779,0.8911174785100286,0.0
E3WF08,xylotriose,YA25F,-3.339,-7.409,-6.346,1.0629999999999997,-7.1610000000000005,-6.317333333333334,0.8436666666666666,weakened_binding,Paenibacillus curdlanolyticus,bacterial,GH10,-3.33916,0.2287335243553008,47.76395415472779,0.8911174785100286,0.0
E4Q1W4,xylobiose,KA48T,-2.378,-4.11,-5.492,-1.3819999999999997,-4.002,-4.721,-0.7190000000000003,improved_binding,Caldicellulosiruptor owensensis (strain ATCC 700167 / DSM 13100 / OL),bacterial,GH11,-2.37822,0.4723456090651558,81.88954674220963,1.1076487252124645,0.0
E4Q1W4,xylotriose,KA48T,-2.378,-5.832,-6.632,-0.7999999999999998,-5.357666666666667,-6.442666666666667,-1.085,improved_binding,Caldicellulosiruptor owensensis (strain ATCC 700167 / DSM 13100 / OL),bacterial,GH11,-2.37822,0.4723456090651558,81.88954674220963,1.1076487252124645,0.0
E4RWD4,xylobiose,DA26A,-0.382,-6.275,-6.615,-0.33999999999999986,-6.222,-6.518000000000001,-0.29600000000000026,retained_binding,Leadbetterella byssophila (strain DSM 17132 / JCM 16389 / KACC 11308 / NBRC 106382 / 4M15),bacterial,GH10,-0.382243,0.3712952646239554,47.02175487465181,0.913649025069638,0.0
E4RWD4,xylotriose,DA26A,-0.382,-8.189,-8.448,-0.25900000000000034,-8.074666666666667,-8.346666666666666,-0.27199999999999847,retained_binding,Leadbetterella byssophila (strain DSM 17132 / JCM 16389 / KACC 11308 / NBRC 106382 / 4M15),bacterial,GH10,-0.382243,0.3712952646239554,47.02175487465181,0.913649025069638,0.0
E4SHI1,xylobiose,KA22Y,-2.188,-6.286,-5.975,0.31099999999999994,-6.213,-5.859666666666667,0.3533333333333335,retained_binding,Caldicellulosiruptor kronotskyensis (strain DSM 18902 / VKM B-2412 / 2002),bacterial,GH10,-2.18826,-0.0050781305637982,47.35083086053413,0.8961424332344213,0.0
E4SHI1,xylotriose,KA22Y,-2.188,-7.771,-7.732,0.0389999999999997,-7.644333333333333,-7.645,-0.0006666666666665932,retained_binding,Caldicellulosiruptor kronotskyensis (strain DSM 18902 / VKM B-2412 / 2002),bacterial,GH10,-2.18826,-0.0050781305637982,47.35083086053413,0.8961424332344213,0.0
E4T4Y6,xylobiose,TA25S,-1.156,-5.744,-5.858,-0.11399999999999988,-5.674666666666667,-5.762333333333333,-0.08766666666666634,retained_binding,Paludibacter propionicigenes (strain DSM 17365 / JCM 13257 / WB4),bacterial,GH10,-1.15637,0.435936,51.7284,0.904,0.0
E4T4Y6,xylotriose,TA25S,-1.156,-8.161,-8.151,0.009999999999999787,-7.855666666666667,-7.918666666666667,-0.06299999999999972,retained_binding,Paludibacter propionicigenes (strain DSM 17365 / JCM 13257 / WB4),bacterial,GH10,-1.15637,0.435936,51.7284,0.904,0.0
E4T6U8,xylobiose,YA34F,-1.476,-6.423,-6.428,-0.004999999999999893,-6.2763333333333335,-6.135666666666666,0.14066666666666716,retained_binding,Paludibacter propionicigenes (strain DSM 17365 / JCM 13257 / WB4),bacterial,GH10,-1.47641,0.3863584415584415,51.08371428571429,0.922077922077922,0.0
E4T6U8,xylotriose,YA34F,-1.476,-7.312,-8.431,-1.1189999999999989,-7.287666666666666,-8.249,-0.9613333333333349,improved_binding,Paludibacter propionicigenes (strain DSM 17365 / JCM 13257 / WB4),bacterial,GH10,-1.47641,0.3863584415584415,51.08371428571429,0.922077922077922,0.0
O59859,xylobiose,VA149I,-1.245,-6.112,-6.249,-0.13699999999999957,-6.004333333333332,-6.147666666666666,-0.14333333333333353,retained_binding,Aspergillus aculeatus,fungal,GH10,-1.24524,0.4555779816513761,40.856024464831805,0.8746177370030581,0.0030581039755351
O59859,xylotriose,VA149I,-1.245,-7.54,-7.793,-0.2530000000000001,-7.302666666666667,-7.536,-0.2333333333333325,retained_binding,Aspergillus aculeatus,fungal,GH10,-1.24524,0.4555779816513761,40.856024464831805,0.8746177370030581,0.0030581039755351
O83007,xylobiose,AA11K,-0.931,-4.325,-4.238,0.08699999999999974,-4.212,-4.152,0.05999999999999961,retained_binding,Aeromonas caviae (Aeromonas punctata),bacterial,GH10,-0.930938,0.1397504504504504,43.87705705705706,0.9039039039039038,0.0
O83007,xylotriose,AA11K,-0.931,-5.662,-5.814,-0.15200000000000014,-5.443666666666666,-5.645666666666666,-0.20199999999999996,retained_binding,Aeromonas caviae (Aeromonas punctata),bacterial,GH10,-0.930938,0.1397504504504504,43.87705705705706,0.9039039039039038,0.0
O93976,xylobiose,NA35G,-1.821,-5.462,-5.525,-0.06300000000000061,-5.406333333333333,-5.458666666666667,-0.05233333333333334,retained_binding,Fusarium oxysporum f. sp. lycopersici,fungal,GH10,-1.82097,0.4542985074626866,48.03465671641791,0.964179104477612,0.0
O93976,xylotriose,NA35G,-1.821,-7.831,-7.894,-0.06299999999999972,-7.481000000000001,-7.490666666666667,-0.009666666666666046,retained_binding,Fusarium oxysporum f. sp. lycopersici,fungal,GH10,-1.82097,0.4542985074626866,48.03465671641791,0.964179104477612,0.0
P23556,xylobiose,MA1A,-0.777,-6.579,-6.562,0.01699999999999946,-6.031333333333333,-6.121666666666667,-0.0903333333333336,retained_binding,Caldicellulosiruptor saccharolyticus (Caldocellum saccharolyticum),bacterial,GH10,-0.776537,0.122203216374269,47.66187134502924,0.8771929824561403,0.0
P23556,xylotriose,MA1A,-0.777,-7.769,-7.749,0.020000000000000462,-7.747666666666667,-7.719333333333334,0.02833333333333332,retained_binding,Caldicellulosiruptor saccharolyticus (Caldocellum saccharolyticum),bacterial,GH10,-0.776537,0.122203216374269,47.66187134502924,0.8771929824561403,0.0
P29417,xylobiose,FA99L,-2.398,-5.353,-5.488,-0.13500000000000068,-5.3,-5.438,-0.1379999999999999,retained_binding,Penicillium chrysogenum (Penicillium notatum),fungal,GH10,-2.39777,0.4112379603399433,48.19821529745043,0.8668555240793201,0.0028328611898017
P29417,xylotriose,FA99L,-2.398,-6.322,-7.298,-0.976,-6.260000000000001,-6.719666666666666,-0.45966666666666534,improved_binding,Penicillium chrysogenum (Penicillium notatum),fungal,GH10,-2.39777,0.4112379603399433,48.19821529745043,0.8668555240793201,0.0028328611898017
P45703,xylobiose,DA15H,-1.621,-4.435,-4.267,0.16799999999999926,-4.382666666666666,-4.209333333333333,0.1733333333333329,retained_binding,Geobacillus stearothermophilus (Bacillus stearothermophilus),bacterial,GH10,-1.6213,0.1011196969696969,44.36333333333333,0.8757575757575757,0.0
P45703,xylotriose,DA15H,-1.621,-5.61,-5.565,0.04499999999999993,-5.535,-5.457666666666667,0.07733333333333281,retained_binding,Geobacillus stearothermophilus (Bacillus stearothermophilus),bacterial,GH10,-1.6213,0.1011196969696969,44.36333333333333,0.8757575757575757,0.0
P45705,xylobiose,AA23Y,-0.886,-6.467,-6.669,-0.20199999999999996,-6.159,-6.47,-0.31099999999999994,retained_binding,Geobacillus stearothermophilus (Bacillus stearothermophilus),bacterial,GH11,-0.8858,0.3399809523809524,52.942238095238096,1.1523809523809525,0.0
P45705,xylotriose,AA23Y,-0.886,-8.27,-8.384,-0.11400000000000077,-8.196333333333333,-7.998333333333334,0.1979999999999995,retained_binding,Geobacillus stearothermophilus (Bacillus stearothermophilus),bacterial,GH11,-0.8858,0.3399809523809524,52.942238095238096,1.1523809523809525,0.0
Q01176,xylobiose,MA38F,-1.05,-5.784,-6.061,-0.27700000000000014,-5.649,-5.987666666666667,-0.33866666666666667,retained_binding,Pyricularia grisea (Crabgrass-specific blast fungus) (Magnaporthe grisea),fungal,GH10,-1.04954,0.4062719033232628,48.350120845921445,0.9063444108761328,0.0030211480362537
Q01176,xylotriose,MA38F,-1.05,-7.254,-7.274,-0.020000000000000462,-7.219,-7.239,-0.019999999999999574,retained_binding,Pyricularia grisea (Crabgrass-specific blast fungus) (Magnaporthe grisea),fungal,GH10,-1.04954,0.4062719033232628,48.350120845921445,0.9063444108761328,0.0030211480362537
Q024A6,xylobiose,TA20S,-2.095,-5.953,-5.892,0.06099999999999994,-5.714,-5.825666666666667,-0.11166666666666636,retained_binding,Solibacter usitatus (strain Ellin6076),bacterial,GH10,-2.09456,0.3190958904109589,50.68345205479452,0.9178082191780822,0.0
Q024A6,xylotriose,TA20S,-2.095,-7.932,-7.821,0.11100000000000065,-7.609000000000001,-7.548333333333333,0.06066666666666798,retained_binding,Solibacter usitatus (strain Ellin6076),bacterial,GH10,-2.09456,0.3190958904109589,50.68345205479452,0.9178082191780822,0.0
Q06AK8,xylobiose,AA11F,-1.153,-6.585,-5.711,0.8739999999999997,-5.984666666666667,-5.391000000000001,0.5936666666666657,weakened_binding,Thermochaetoides thermophila,fungal,GH11,-1.15301,0.4722631578947368,63.7533082706767,1.131578947368421,0.0
Q06AK8,xylotriose,AA11F,-1.153,-7.776,-6.312,1.4639999999999995,-7.1946666666666665,-6.278333333333333,0.9163333333333332,weakened_binding,Thermochaetoides thermophila,fungal,GH11,-1.15301,0.4722631578947368,63.7533082706767,1.131578947368421,0.0
Q06RH9,xylobiose,VA11D,-1.884,-5.787,-6.339,-0.5520000000000005,-5.753666666666667,-6.228666666666666,-0.47499999999999964,improved_binding,Bacillus pumilus (Bacillus mesentericus),bacterial,GH11,-1.88417,0.3867390350877193,51.49464912280702,1.1798245614035088,0.0
Q06RH9,xylotriose,VA11D,-1.884,-8.603,-8.413,0.1899999999999995,-8.587000000000002,-8.325333333333333,0.2616666666666685,retained_binding,Bacillus pumilus (Bacillus mesentericus),bacterial,GH11,-1.88417,0.3867390350877193,51.49464912280702,1.1798245614035088,0.0
Q0H904,xylobiose,AA33K,-0.923,-6.078,-5.67,0.40800000000000036,-5.644333333333333,-5.410333333333334,0.2339999999999991,retained_binding,Aspergillus fumigatus (strain ATCC MYA-4609 / CBS 101355 / FGSC A1100 / Af293) (Neosartorya fumigata),fungal,GH10,-0.922936,0.1405012307692307,45.76381538461538,0.8830769230769231,0.003076923076923
Q0H904,xylotriose,AA33K,-0.923,-7.874,-7.888,-0.014000000000000234,-7.666333333333333,-7.689666666666667,-0.023333333333333428,retained_binding,Aspergillus fumigatus (strain ATCC MYA-4609 / CBS 101355 / FGSC A1100 / Af293) (Neosartorya fumigata),fungal,GH10,-0.922936,0.1405012307692307,45.76381538461538,0.8830769230769231,0.003076923076923
Q12579,xylobiose,NA41S,-0.887,-5.21,-5.965,-0.7549999999999999,-4.878,-5.850666666666666,-0.9726666666666661,improved_binding,Achaetomiella gracilis,fungal,GH11,-0.886642,0.3624616438356164,54.76840182648402,1.1552511415525115,0.0
Q12579,xylotriose,NA41S,-0.887,-8.101,-7.742,0.3590000000000009,-7.809666666666668,-7.653666666666666,0.15600000000000147,retained_binding,Achaetomiella gracilis,fungal,GH11,-0.886642,0.3624616438356164,54.76840182648402,1.1552511415525115,0.0
Q12580,xylobiose,VA15Y,-1.269,-6.471,-6.496,-0.025000000000000355,-6.238,-6.396666666666667,-0.15866666666666696,retained_binding,Achaetomiella gracilis,fungal,GH11,-1.26854,0.4415103734439833,56.18626556016597,1.1410788381742738,0.0
Q12580,xylotriose,VA15Y,-1.269,-8.147,-8.361,-0.2140000000000004,-7.923999999999999,-7.961333333333333,-0.03733333333333455,retained_binding,Achaetomiella gracilis,fungal,GH11,-1.26854,0.4415103734439833,56.18626556016597,1.1410788381742738,0.0
Q12603,xylobiose,TA44Y,-2.054,-5.664,-5.882,-0.21799999999999997,-5.633666666666667,-5.800999999999999,-0.16733333333333267,retained_binding,Dictyoglomus thermophilum,bacterial,GH10,-2.05368,0.1949963068181818,51.53684659090909,0.8948863636363636,0.0
Q12603,xylotriose,TA44Y,-2.054,-7.641,-7.618,0.022999999999999687,-7.509,-7.511,-0.0019999999999997797,retained_binding,Dictyoglomus thermophilum,bacterial,GH10,-2.05368,0.1949963068181818,51.53684659090909,0.8948863636363636,0.0
Q14RS0,xylobiose,HA45P,-2.623,-6.832,-6.136,0.6959999999999997,-6.366666666666667,-5.739333333333334,0.6273333333333335,weakened_binding,Thermobacillus xylanilyticus,bacterial,GH11,-2.62276,0.2610708791208791,45.91214285714286,1.1868131868131868,0.0
Q14RS0,xylotriose,HA45P,-2.623,-7.17,-8.163,-0.9930000000000003,-6.938,-7.354666666666667,-0.41666666666666696,improved_binding,Thermobacillus xylanilyticus,bacterial,GH11,-2.62276,0.2610708791208791,45.91214285714286,1.1868131868131868,0.0
Q1XGE6,xylobiose,AA23K,-0.878,-5.665,-6.471,-0.806,-5.504333333333332,-5.875333333333334,-0.37100000000000133,improved_binding,Paenibacillus sp. W-61,bacterial,GH11,-0.877609,0.2866412322274881,52.73748815165877,1.1563981042654028,0.0
Q1XGE6,xylotriose,AA23K,-0.878,-6.865,-7.103,-0.23799999999999955,-6.738666666666667,-6.8356666666666674,-0.09700000000000042,retained_binding,Paenibacillus sp. W-61,bacterial,GH11,-0.877609,0.2866412322274881,52.73748815165877,1.1563981042654028,0.0
Q21HD6,xylobiose,DA37A,-0.371,-6.475,-6.335,0.13999999999999968,-6.233333333333333,-6.197666666666667,0.035666666666666735,retained_binding,Saccharophagus degradans (strain 2-40 / ATCC 43961 / DSM 17024),bacterial,GH10,-0.371215,0.1889310160427807,50.99473262032085,0.8877005347593583,0.0
Q21HD6,xylotriose,DA37A,-0.371,-7.971,-7.954,0.017000000000000348,-7.911666666666666,-7.871666666666667,0.03999999999999915,retained_binding,Saccharophagus degradans (strain 2-40 / ATCC 43961 / DSM 17024),bacterial,GH10,-0.371215,0.1889310160427807,50.99473262032085,0.8877005347593583,0.0
Q288H9,xylobiose,IA40L,-1.533,-5.442,-6.174,-0.7320000000000002,-5.403,-5.781333333333333,-0.37833333333333385,improved_binding,Flavobacterium sp. MSY2,bacterial,GH10,-1.53278,0.3976522911051213,51.89609164420485,0.8921832884097035,0.0
Q288H9,xylotriose,IA40L,-1.533,-8.1,-8.109,-0.009000000000000341,-7.774333333333334,-7.885333333333333,-0.11099999999999888,retained_binding,Flavobacterium sp. MSY2,bacterial,GH10,-1.53278,0.3976522911051213,51.89609164420485,0.8921832884097035,0.0
Q2PQU3,xylobiose,DA19R,-0.581,-5.912,-5.697,0.21499999999999986,-5.838333333333334,-5.606333333333333,0.2320000000000011,retained_binding,Aspergillus phoenicis (Aspergillus saitoi),fungal,GH11,-0.580933,0.3675835051546391,62.46257731958763,1.1030927835051547,0.0
Q2PQU3,xylotriose,DA19R,-0.581,-7.052,-7.741,-0.6890000000000001,-6.843333333333334,-7.172999999999999,-0.32966666666666544,improved_binding,Aspergillus phoenicis (Aspergillus saitoi),fungal,GH11,-0.580933,0.3675835051546391,62.46257731958763,1.1030927835051547,0.0
Q2U7D0,xylobiose,EA47D,-3.059,-5.807,-5.655,0.15200000000000014,-5.774000000000001,-5.574000000000001,0.20000000000000018,retained_binding,Aspergillus oryzae (strain ATCC 42149 / RIB 40) (Yellow koji mold),fungal,GH10,-3.05947,0.2090003058103975,42.81152905198777,0.8837920489296636,0.0030581039755351
Q2U7D0,xylotriose,EA47D,-3.059,-7.14,-6.89,0.25,-7.0603333333333325,-6.816333333333333,0.24399999999999977,retained_binding,Aspergillus oryzae (strain ATCC 42149 / RIB 40) (Yellow koji mold),fungal,GH10,-3.05947,0.2090003058103975,42.81152905198777,0.8837920489296636,0.0030581039755351
Q38Q19,xylobiose,SA53T,-0.705,-6.195,-6.117,0.07800000000000029,-6.102666666666667,-5.9623333333333335,0.14033333333333342,retained_binding,Plectosphaerella cucumerina,fungal,GH11,-0.705191,0.2830819383259912,57.13735682819383,1.1409691629955947,0.0044052863436123
Q38Q19,xylotriose,SA53T,-0.705,-8.621,-8.619,0.002000000000000668,-8.392000000000001,-8.28,0.11200000000000188,retained_binding,Plectosphaerella cucumerina,fungal,GH11,-0.705191,0.2830819383259912,57.13735682819383,1.1409691629955947,0.0044052863436123
Q3HLJ4,xylobiose,VA10E,-0.999,-5.9,-5.766,0.13400000000000034,-5.792000000000001,-5.6803333333333335,0.11166666666666725,retained_binding,Bacillus subtilis,bacterial,GH11,-0.999477,0.3560788732394366,55.33619718309859,1.1737089201877935,0.0
Q3HLJ4,xylotriose,VA10E,-0.999,-7.7,-7.723,-0.022999999999999687,-7.569666666666666,-7.681,-0.1113333333333344,retained_binding,Bacillus subtilis,bacterial,GH11,-0.999477,0.3560788732394366,55.33619718309859,1.1737089201877935,0.0
Q3YAW6,xylobiose,EA50A,-2.679,-3.01,-3.48,-0.4700000000000002,-2.998,-3.236333333333333,-0.23833333333333284,retained_binding,Cellulomonas fimi,bacterial,GH10,-2.67873,0.4740063965884861,69.1842643923241,0.9317697228144988,0.0042643923240938
Q3YAW6,xylotriose,EA50A,-2.679,-2.078,-6.126,-4.048,-1.795,-6.06,-4.265,improved_binding,Cellulomonas fimi,bacterial,GH10,-2.67873,0.4740063965884861,69.1842643923241,0.9317697228144988,0.0042643923240938
Q3YBZ9,xylobiose,VA11K,-0.669,-4.635,-4.36,0.27499999999999947,-4.594,-4.332,0.26200000000000045,retained_binding,Geobacillus stearothermophilus (Bacillus stearothermophilus),bacterial,GH10,-0.668622,-0.0494930513595166,43.26447129909366,0.8851963746223565,0.0
Q3YBZ9,xylotriose,VA11K,-0.669,-5.553,-5.689,-0.13600000000000012,-5.521666666666666,-5.617666666666668,-0.09600000000000275,retained_binding,Geobacillus stearothermophilus (Bacillus stearothermophilus),bacterial,GH10,-0.668622,-0.0494930513595166,43.26447129909366,0.8851963746223565,0.0
Q43993,xylobiose,LA13E,-0.682,-5.137,-5.842,-0.7050000000000001,-5.103666666666666,-5.521999999999999,-0.418333333333333,improved_binding,Aeromonas caviae (Aeromonas punctata),bacterial,GH11,-0.682008,0.3412862559241706,54.25900473933649,1.1706161137440758,0.0
Q43993,xylotriose,LA13E,-0.682,-6.547,-6.827,-0.28000000000000025,-6.532333333333334,-6.805666666666667,-0.27333333333333343,retained_binding,Aeromonas caviae (Aeromonas punctata),bacterial,GH11,-0.682008,0.3412862559241706,54.25900473933649,1.1706161137440758,0.0
Q45VU2,xylobiose,NA150R,-1.922,-5.997,-6.019,-0.02200000000000024,-5.6803333333333335,-5.6450000000000005,0.035333333333332995,retained_binding,Bacillus subtilis,bacterial,GH11,-1.92236,0.298975117370892,53.40286384976525,1.15962441314554,0.0
Q45VU2,xylotriose,NA150R,-1.922,-7.07,-7.95,-0.8799999999999999,-6.876333333333334,-7.555333333333333,-0.6789999999999985,improved_binding,Bacillus subtilis,bacterial,GH11,-1.92236,0.298975117370892,53.40286384976525,1.15962441314554,0.0
Q45VU5,xylobiose,NA150R,-1.195,-6.498,-6.756,-0.258,-6.229666666666667,-6.166333333333334,0.06333333333333258,retained_binding,Brevibacillus brevis (Bacillus brevis),bacterial,GH11,-1.19476,0.3739079812206572,54.626525821596246,1.1737089201877935,0.0
Q45VU5,xylotriose,NA150R,-1.195,-7.922,-7.975,-0.052999999999999936,-7.699000000000001,-7.732333333333333,-0.03333333333333233,retained_binding,Brevibacillus brevis (Bacillus brevis),bacterial,GH11,-1.19476,0.3739079812206572,54.626525821596246,1.1737089201877935,0.0
Q45VU6,xylobiose,VA28N,-1.001,-6.09,-5.253,0.8369999999999997,-5.930666666666667,-5.196000000000001,0.7346666666666666,weakened_binding,Bacillus amyloliquefaciens (Bacillus velezensis),bacterial,GH11,-1.00055,0.3361558685446009,54.5956807511737,1.164319248826291,0.0
Q45VU6,xylotriose,VA28N,-1.001,-7.785,-6.861,0.9240000000000004,-7.002,-6.7043333333333335,0.2976666666666663,weakened_binding,Bacillus amyloliquefaciens (Bacillus velezensis),bacterial,GH11,-1.00055,0.3361558685446009,54.5956807511737,1.164319248826291,0.0
Q45VU9,xylobiose,SA101P,-2.44,-6.066,-5.786,0.28000000000000025,-5.831,-5.48,0.351,retained_binding,Paenibacillus polymyxa (Bacillus polymyxa),bacterial,GH11,-2.43985,0.2772284360189573,52.42962085308056,1.1753554502369667,0.0
Q45VU9,xylotriose,SA101P,-2.44,-7.759,-7.472,0.2869999999999999,-7.308666666666667,-7.376666666666666,-0.06799999999999873,retained_binding,Paenibacillus polymyxa (Bacillus polymyxa),bacterial,GH11,-2.43985,0.2772284360189573,52.42962085308056,1.1753554502369667,0.0
Q4JHP5,xylobiose,TA56K,-0.771,-5.402,-6.046,-0.6440000000000001,-5.361,-5.672,-0.31099999999999994,improved_binding,Aspergillus terreus,fungal,GH10,-0.771148,0.1525285276073619,46.38699386503068,0.8926380368098159,0.0
Q4JHP5,xylotriose,TA56K,-0.771,-7.472,-7.161,0.31100000000000083,-7.336000000000001,-7.062,0.2740000000000009,retained_binding,Aspergillus terreus,fungal,GH10,-0.771148,0.1525285276073619,46.38699386503068,0.8926380368098159,0.0
Q56013,xylobiose,SA66Q,-0.898,-5.878,-6.073,-0.19500000000000028,-5.669,-5.703666666666667,-0.03466666666666729,retained_binding,Streptomyces sp. EC3,bacterial,GH11,-0.898071,0.4669625,59.762125,1.15,0.0
Q56013,xylotriose,SA66Q,-0.898,-7.905,-8.205,-0.2999999999999998,-7.895,-8.178666666666667,-0.28366666666666696,retained_binding,Streptomyces sp. EC3,bacterial,GH11,-0.898071,0.4669625,59.762125,1.15,0.0
Q59257,xylobiose,TA55V,-0.448,-5.851,-5.304,0.5469999999999997,-5.3933333333333335,-5.223,0.17033333333333367,weakened_binding,Bacillus sp. YA-335,bacterial,GH11,-0.448114,0.2768632768361582,50.608446327683616,1.1355932203389831,0.0
Q59257,xylotriose,TA55V,-0.448,-6.93,-6.789,0.14100000000000001,-6.692,-6.531,0.16100000000000048,retained_binding,Bacillus sp. YA-335,bacterial,GH11,-0.448114,0.2768632768361582,50.608446327683616,1.1355932203389831,0.0
Q5S7A8,xylobiose,KA41F,-0.363,-5.529,-5.652,-0.12300000000000022,-5.491666666666667,-5.390333333333333,0.10133333333333372,retained_binding,Penicillium canescens,fungal,GH10,-0.363267,0.3292721712538226,41.33480122324159,0.8960244648318043,0.0030581039755351
Q5S7A8,xylotriose,KA41F,-0.363,-7.421,-7.282,0.13900000000000023,-7.308666666666667,-7.024,0.2846666666666673,retained_binding,Penicillium canescens,fungal,GH10,-0.363267,0.3292721712538226,41.33480122324159,0.8960244648318043,0.0030581039755351
Q5XQ46,xylobiose,DA35G,-3.245,-5.585,-5.572,0.0129999999999999,-5.473,-5.492999999999999,-0.019999999999999574,retained_binding,Cryptovalsa sp. BCC 7197,fungal,GH10,-3.24537,0.2729661538461538,45.56664615384615,0.8923076923076924,0.0
Q5XQ46,xylotriose,DA35G,-3.245,-7.673,-7.672,0.001000000000000334,-7.549666666666667,-7.555666666666666,-0.005999999999999339,retained_binding,Cryptovalsa sp. BCC 7197,fungal,GH10,-3.24537,0.2729661538461538,45.56664615384615,0.8923076923076924,0.0
Q60041,xylobiose,NA33G,-2.612,-6.317,-6.824,-0.5069999999999997,-6.268666666666667,-6.596,-0.3273333333333328,improved_binding,Thermotoga neapolitana,bacterial,GH10,-2.61187,-0.0131316184971098,47.940693641618495,0.9132947976878611,0.0
Q60041,xylotriose,NA33G,-2.612,-8.447,-8.425,0.021999999999998465,-7.901333333333333,-8.072333333333333,-0.17100000000000026,retained_binding,Thermotoga neapolitana,bacterial,GH10,-2.61187,-0.0131316184971098,47.940693641618495,0.9132947976878611,0.0
Q6GXE5,xylobiose,RA45K,-1.72,-5.117,-5.018,0.0990000000000002,-4.9433333333333325,-4.935,0.00833333333333286,retained_binding,Cochliobolus carbonum (Maize leaf spot fungus) (Bipolaris zeicola),fungal,GH10,-1.71991,0.395477341389728,48.19320241691843,0.9093655589123868,0.0
Q6GXE5,xylotriose,RA45K,-1.72,-6.964,-7.325,-0.36099999999999977,-6.639333333333333,-7.174,-0.5346666666666673,retained_binding,Cochliobolus carbonum (Maize leaf spot fungus) (Bipolaris zeicola),fungal,GH10,-1.71991,0.395477341389728,48.19320241691843,0.9093655589123868,0.0
Q6PRW6,xylobiose,FA99L,-2.113,-5.23,-4.771,0.4590000000000005,-5.097666666666667,-4.745,0.3526666666666669,retained_binding,Penicillium chrysogenum (Penicillium notatum),fungal,GH10,-2.11252,0.4002294617563739,47.694277620396605,0.8895184135977338,0.0028328611898017
Q6PRW6,xylotriose,FA99L,-2.113,-7.174,-7.155,0.019000000000000128,-7.016666666666667,-7.0183333333333335,-0.0016666666666669272,retained_binding,Penicillium chrysogenum (Penicillium notatum),fungal,GH10,-2.11252,0.4002294617563739,47.694277620396605,0.8895184135977338,0.0028328611898017
Q6TDT4,xylobiose,YA15F,-2.584,-4.754,-4.608,0.1459999999999999,-4.68,-4.367999999999999,0.3120000000000003,retained_binding,Alkalihalobacillus alcalophilus (Bacillus alcalophilus),bacterial,GH10,-2.58363,0.3233038348082596,46.06616519174042,0.8849557522123894,0.0
Q6TDT4,xylotriose,YA15F,-2.584,-6.046,-6.04,0.006000000000000227,-5.941,-5.9816666666666665,-0.04066666666666663,retained_binding,Alkalihalobacillus alcalophilus (Bacillus alcalophilus),bacterial,GH10,-2.58363,0.3233038348082596,46.06616519174042,0.8849557522123894,0.0
Q6U892,xylobiose,EA63G,-3.15,-5.172,-5.225,-0.052999999999999936,-5.152333333333333,-5.172333333333333,-0.019999999999999574,retained_binding,Cytobacillus firmus (Bacillus firmus),bacterial,GH10,-3.14983,0.1584949494949495,52.98396464646465,0.8838383838383839,0.0
Q6U892,xylotriose,EA63G,-3.15,-7.52,-7.58,-0.0600000000000005,-7.443,-7.396666666666667,0.04633333333333223,retained_binding,Cytobacillus firmus (Bacillus firmus),bacterial,GH10,-3.14983,0.1584949494949495,52.98396464646465,0.8838383838383839,0.0
Q6U894,xylobiose,VA24S,-1.184,-6.387,-5.022,1.3649999999999993,-5.781666666666666,-4.954666666666667,0.8269999999999991,weakened_binding,Cytobacillus firmus (Bacillus firmus),bacterial,GH11,-1.18366,0.4256266666666667,54.98542857142857,1.1571428571428573,0.0
Q6U894,xylotriose,VA24S,-1.184,-6.86,-6.81,0.05000000000000071,-6.672999999999999,-6.629,0.043999999999999595,retained_binding,Cytobacillus firmus (Bacillus firmus),bacterial,GH11,-1.18366,0.4256266666666667,54.98542857142857,1.1571428571428573,0.0
Q6UN40,xylobiose,SA43Q,-1.202,-5.233,-4.919,0.31400000000000006,-5.178,-4.689333333333333,0.488666666666667,retained_binding,Thermochaetoides thermophila,fungal,GH11,-1.2019,0.4502284644194756,64.8910861423221,1.1235955056179776,0.0
Q6UN40,xylotriose,SA43Q,-1.202,-6.965,-6.413,0.5519999999999996,-6.851,-6.315,0.5359999999999996,weakened_binding,Thermochaetoides thermophila,fungal,GH11,-1.2019,0.4502284644194756,64.8910861423221,1.1235955056179776,0.0
Q704N9,xylobiose,TA10G,-1.507,-6.093,-6.174,-0.0810000000000004,-5.821333333333333,-6.116333333333333,-0.2950000000000008,retained_binding,Pseudobutyrivibrio xylanivorans,bacterial,GH11,-1.50706,0.3584832369942197,50.877167630057805,1.1907514450867052,0.0
Q704N9,xylotriose,TA10G,-1.507,-7.493,-8.518,-1.0250000000000004,-7.175666666666667,-8.076,-0.9003333333333332,improved_binding,Pseudobutyrivibrio xylanivorans,bacterial,GH11,-1.50706,0.3584832369942197,50.877167630057805,1.1907514450867052,0.0
Q704P0,xylobiose,TA10G,-2.212,-6.147,-5.859,0.28800000000000026,-6.044999999999999,-5.809666666666668,0.2353333333333314,retained_binding,Pseudobutyrivibrio xylanivorans,bacterial,GH11,-2.21225,0.333803488372093,51.05331395348837,1.180232558139535,0.0
Q704P0,xylotriose,TA10G,-2.212,-7.826,-7.829,-0.0030000000000001137,-7.650666666666666,-7.622333333333333,0.02833333333333332,retained_binding,Pseudobutyrivibrio xylanivorans,bacterial,GH11,-2.21225,0.333803488372093,51.05331395348837,1.180232558139535,0.0
Q76BV3,xylobiose,SA52H,-1.156,-5.903,-5.843,0.05999999999999961,-5.778333333333333,-5.607666666666667,0.17066666666666652,retained_binding,Streptomyces thermoviolaceus,bacterial,GH10,-1.15617,0.2917205882352941,45.658781512605046,0.9222689075630252,0.0105042016806722
Q76BV3,xylotriose,SA52H,-1.156,-7.525,-7.452,0.0730000000000004,-7.375666666666667,-7.256333333333333,0.11933333333333351,retained_binding,Streptomyces thermoviolaceus,bacterial,GH10,-1.15617,0.2917205882352941,45.658781512605046,0.9222689075630252,0.0105042016806722
Q7WUM6,xylobiose,NA33G,-2.313,-5.062,-5.099,-0.03699999999999992,-5.007333333333333,-4.824000000000001,0.18333333333333268,retained_binding,Thermotoga maritima,bacterial,GH10,-2.31312,-0.0379293948126801,48.63734870317003,0.9193083573487032,0.0
Q7WUM6,xylotriose,NA33G,-2.313,-6.345,-6.355,-0.010000000000000675,-6.186,-6.182666666666667,0.0033333333333329662,retained_binding,Thermotoga maritima,bacterial,GH10,-2.31312,-0.0379293948126801,48.63734870317003,0.9193083573487032,0.0
Q7WVV0,xylobiose,NA33G,-2.287,-6.14,-5.658,0.4819999999999993,-5.978333333333334,-5.375333333333334,0.6030000000000006,retained_binding,Thermotoga maritima,bacterial,GH10,-2.28743,-0.089228818443804,49.07259365994236,0.9279538904899136,0.0
Q7WVV0,xylotriose,NA33G,-2.287,-7.272,-7.742,-0.46999999999999975,-7.152,-7.547999999999999,-0.395999999999999,retained_binding,Thermotoga maritima,bacterial,GH10,-2.28743,-0.089228818443804,49.07259365994236,0.9279538904899136,0.0
Q7X2C9,xylobiose,AA38V,-1.391,-5.976,-6.205,-0.2290000000000001,-5.8373333333333335,-6.122333333333334,-0.28500000000000014,retained_binding,Streptomyces tendae,bacterial,GH10,-1.39091,0.2727789203084833,43.83470437017995,0.9177377892030848,0.0128534704370179
Q7X2C9,xylotriose,AA38V,-1.391,-8.724,-8.681,0.04300000000000104,-8.185333333333334,-8.420666666666667,-0.23533333333333317,retained_binding,Streptomyces tendae,bacterial,GH10,-1.39091,0.2727789203084833,43.83470437017995,0.9177377892030848,0.0128534704370179
Q7Z8Q3,xylobiose,VA27F,-1.582,-5.604,-5.872,-0.2679999999999998,-5.533333333333334,-5.723333333333333,-0.18999999999999861,retained_binding,Hypocrea rufa (Trichoderma viride),fungal,GH11,-1.58179,0.3034430493273543,54.546995515695066,1.1614349775784754,0.0
Q7Z8Q3,xylotriose,VA27F,-1.582,-7.225,-7.742,-0.5170000000000003,-7.085333333333334,-7.668333333333333,-0.5829999999999993,improved_binding,Hypocrea rufa (Trichoderma viride),fungal,GH11,-1.58179,0.3034430493273543,54.546995515695066,1.1614349775784754,0.0
Q8CJQ1,xylobiose,SA53H,-0.562,-6.289,-6.459,-0.16999999999999993,-6.216666666666666,-6.412333333333333,-0.19566666666666688,retained_binding,Streptomyces coelicolor (strain ATCC BAA-471 / A3(2) / M145),bacterial,GH10,-0.562183,0.3051215932914046,45.72955974842768,0.9266247379454928,0.010482180293501
Q8CJQ1,xylotriose,SA53H,-0.562,-8.557,-8.056,0.5010000000000012,-8.284666666666666,-8.012333333333332,0.272333333333334,weakened_binding,Streptomyces coelicolor (strain ATCC BAA-471 / A3(2) / M145),bacterial,GH10,-0.562183,0.3051215932914046,45.72955974842768,0.9266247379454928,0.010482180293501
Q8GJ38,xylobiose,AA50K,-1.238,-5.478,-5.812,-0.3340000000000005,-5.241333333333333,-5.426666666666667,-0.18533333333333335,retained_binding,Thermoclostridium stercorarium (Clostridium stercorarium),bacterial,GH10,-1.23772,0.1126100775193798,54.23263565891472,0.917312661498708,0.0
Q8GJ38,xylotriose,AA50K,-1.238,-7.509,-7.389,0.1200000000000001,-7.215333333333334,-7.330000000000001,-0.11466666666666736,retained_binding,Thermoclostridium stercorarium (Clostridium stercorarium),bacterial,GH10,-1.23772,0.1126100775193798,54.23263565891472,0.917312661498708,0.0
Q8GMV6,xylobiose,NA57G,-2.147,-5.325,-5.36,-0.03500000000000014,-5.1883333333333335,-5.188,0.0003333333333337407,retained_binding,Thermopolyspora flexuosa,bacterial,GH10,-2.14736,0.2865386178861788,47.7055081300813,0.9329268292682928,0.0101626016260162
Q8GMV6,xylotriose,NA57G,-2.147,-7.014,-7.689,-0.6749999999999998,-6.927,-7.224666666666667,-0.2976666666666672,improved_binding,Thermopolyspora flexuosa,bacterial,GH10,-2.14736,0.2865386178861788,47.7055081300813,0.9329268292682928,0.0101626016260162
Q8J0T4,xylobiose,AA53G,-3.231,-6.109,-6.062,0.04699999999999971,-5.805666666666667,-5.834333333333333,-0.028666666666666174,retained_binding,Trichoderma sp. SY,fungal,GH11,-3.23081,0.386695909090909,53.78431818181818,1.1636363636363636,0.0
Q8J0T4,xylotriose,AA53G,-3.231,-7.87,-7.834,0.036000000000000476,-7.784333333333333,-7.738333333333333,0.045999999999999375,retained_binding,Trichoderma sp. SY,fungal,GH11,-3.23081,0.386695909090909,53.78431818181818,1.1636363636363636,0.0
Q8RMN7,xylobiose,LA20P,-0.924,-6.438,-6.428,0.009999999999999787,-6.221333333333334,-6.179333333333333,0.0420000000000007,retained_binding,Bacillus pumilus (Bacillus mesentericus),bacterial,GH11,-0.923652,0.3605614035087719,51.65587719298246,1.1710526315789471,0.0
Q8RMN7,xylotriose,LA20P,-0.924,-8.795,-8.847,-0.0519999999999996,-8.63,-8.546666666666667,0.08333333333333393,retained_binding,Bacillus pumilus (Bacillus mesentericus),bacterial,GH11,-0.923652,0.3605614035087719,51.65587719298246,1.1710526315789471,0.0
Q8RMN8,xylobiose,GA200E,-2.483,-5.939,-5.419,0.5200000000000005,-5.824666666666666,-5.4013333333333335,0.4233333333333329,weakened_binding,Niallia circulans (Bacillus circulans),bacterial,GH11,-2.48258,0.3314323943661972,54.55892018779343,1.1549295774647887,0.0
Q8RMN8,xylotriose,GA200E,-2.483,-7.399,-6.747,0.6520000000000001,-7.308333333333334,-6.682,0.6263333333333332,weakened_binding,Niallia circulans (Bacillus circulans),bacterial,GH11,-2.48258,0.3314323943661972,54.55892018779343,1.1549295774647887,0.0
Q8TFC1,xylobiose,TA24S,-2.367,-5.54,-5.696,-0.1559999999999997,-5.502,-5.568666666666666,-0.06666666666666643,retained_binding,Fusarium oxysporum (Fusarium vascular wilt),fungal,GH10,-2.36737,0.4646149253731343,48.41286567164179,0.9522388059701492,0.0
Q8TFC1,xylotriose,TA24S,-2.367,-7.54,-7.56,-0.019999999999999574,-7.1593333333333335,-7.18,-0.020666666666666167,retained_binding,Fusarium oxysporum (Fusarium vascular wilt),fungal,GH10,-2.36737,0.4646149253731343,48.41286567164179,0.9522388059701492,0.0
Q8TGC4,xylobiose,NA35G,-1.1,-5.587,-6.155,-0.5680000000000005,-5.448666666666667,-5.81,-0.3613333333333326,improved_binding,Fusarium oxysporum (Fusarium vascular wilt),fungal,GH10,-1.09958,0.4640477611940298,47.63125373134328,0.9432835820895522,0.0
Q8TGC4,xylotriose,NA35G,-1.1,-7.391,-7.442,-0.051000000000000156,-7.029,-7.016333333333333,0.012666666666667048,retained_binding,Fusarium oxysporum (Fusarium vascular wilt),fungal,GH10,-1.09958,0.4640477611940298,47.63125373134328,0.9432835820895522,0.0
Q9AMB5,xylobiose,VA11F,-0.727,-6.283,-6.276,0.007000000000000561,-5.87,-6.103999999999999,-0.2339999999999991,retained_binding,Bacillus pumilus (Bacillus mesentericus),bacterial,GH11,-0.726551,0.3934425438596491,52.422236842105264,1.1885964912280702,0.0
Q9AMB5,xylotriose,VA11F,-0.727,-8.555,-8.56,-0.005000000000000782,-8.164333333333333,-8.138666666666667,0.02566666666666606,retained_binding,Bacillus pumilus (Bacillus mesentericus),bacterial,GH11,-0.726551,0.3934425438596491,52.422236842105264,1.1885964912280702,0.0
Q9EW89,xylobiose,TA39V,-2.282,-6.036,-6.016,0.019999999999999574,-5.968333333333334,-5.912333333333334,0.05600000000000005,retained_binding,Streptomyces olivaceoviridis (Streptomyces corchorusii),bacterial,GH11,-2.2824,0.1208921465968586,43.55848167539267,1.198952879581152,0.0
Q9EW89,xylotriose,TA39V,-2.282,-7.968,-7.978,-0.009999999999999787,-7.835,-7.908333333333334,-0.07333333333333414,retained_binding,Streptomyces olivaceoviridis (Streptomyces corchorusii),bacterial,GH11,-2.2824,0.1208921465968586,43.55848167539267,1.198952879581152,0.0
Q9F9B9,xylobiose,TA42I,-0.634,-6.866,-6.544,0.32200000000000006,-6.111666666666667,-5.906,0.20566666666666755,retained_binding,Paenibacillus sp. KCTC8848P,bacterial,GH11,-0.634356,0.3041448113207547,53.163773584905655,1.1556603773584906,0.0
Q9F9B9,xylotriose,TA42I,-0.634,-8.165,-7.406,0.7589999999999995,-7.1193333333333335,-7.402,-0.2826666666666666,weakened_binding,Paenibacillus sp. KCTC8848P,bacterial,GH11,-0.634356,0.3041448113207547,53.163773584905655,1.1556603773584906,0.0
Q9HEN4,xylobiose,YA14P,-2.903,-4.956,-4.887,0.06900000000000084,-4.945,-4.851666666666667,0.09333333333333371,retained_binding,Curvularia spicifera,fungal,GH11,-2.903,0.3636868421052631,56.36614035087719,1.1228070175438596,0.0
Q9HEN4,xylotriose,YA14P,-2.903,-6.645,-6.933,-0.28800000000000026,-6.504666666666666,-6.6593333333333335,-0.1546666666666674,retained_binding,Curvularia spicifera,fungal,GH11,-2.903,0.3636868421052631,56.36614035087719,1.1228070175438596,0.0
Q9HEN5,xylobiose,VA22L,-1.255,-5.253,-4.989,0.26400000000000023,-5.227666666666667,-4.962,0.26566666666666716,retained_binding,Cochliobolus sativus (Common root rot and spot blotch fungus) (Bipolaris sorokiniana),fungal,GH11,-1.25522,0.4218754385964912,57.28087719298246,1.0964912280701755,0.0
Q9HEN5,xylotriose,VA22L,-1.255,-7.0,-6.605,0.3949999999999996,-6.734666666666667,-6.513000000000001,0.2216666666666658,retained_binding,Cochliobolus sativus (Common root rot and spot blotch fungus) (Bipolaris sorokiniana),fungal,GH11,-1.25522,0.4218754385964912,57.28087719298246,1.0964912280701755,0.0
Q9HEN6,xylobiose,YA14P,-4.185,-5.447,-5.073,0.37399999999999967,-5.257666666666666,-5.015333333333333,0.24233333333333285,retained_binding,Cochliobolus sativus (Common root rot and spot blotch fungus) (Bipolaris sorokiniana),fungal,GH11,-4.18525,0.43295,57.96131578947369,1.0789473684210529,0.0
Q9HEN6,xylotriose,YA14P,-4.185,-7.077,-7.095,-0.017999999999999794,-6.751,-6.894000000000001,-0.14300000000000068,retained_binding,Cochliobolus sativus (Common root rot and spot blotch fungus) (Bipolaris sorokiniana),fungal,GH11,-4.18525,0.43295,57.96131578947369,1.0789473684210529,0.0
Q9HGX1,xylobiose,DA11K,-3.863,-5.474,-5.209,0.26500000000000057,-5.3486666666666665,-5.195,0.15366666666666617,retained_binding,Agaricus bisporus (White button mushroom),fungal,GH10,-3.86315,0.4498984615384616,43.55781538461539,0.8707692307692307,0.003076923076923
Q9HGX1,xylotriose,DA11K,-3.863,-7.158,-7.04,0.11800000000000033,-6.960000000000001,-7.001666666666666,-0.041666666666665186,retained_binding,Agaricus bisporus (White button mushroom),fungal,GH10,-3.86315,0.4498984615384616,43.55781538461539,0.8707692307692307,0.003076923076923
Q9L7Q9,xylobiose,VA11Y,-0.829,-6.315,-6.114,0.2010000000000005,-6.142,-5.956,0.18599999999999994,retained_binding,Bacillus pumilus (Bacillus mesentericus),bacterial,GH11,-0.829,0.2835484581497797,53.96907488986784,1.1894273127753303,0.0
Q9L7Q9,xylotriose,VA11Y,-0.829,-8.443,-8.438,0.004999999999999005,-8.258000000000001,-8.266,-0.007999999999999119,retained_binding,Bacillus pumilus (Bacillus mesentericus),bacterial,GH11,-0.829,0.2835484581497797,53.96907488986784,1.1894273127753303,0.0
Q9P8J1,xylobiose,TA259K,-1.222,-4.953,-4.962,-0.008999999999999453,-4.780333333333334,-4.937333333333333,-0.15699999999999914,retained_binding,Talaromyces purpureogenus (Soft rot fungus) (Penicillium purpureogenum),fungal,GH10,-1.222,0.1266434650455927,43.41218844984802,0.8875379939209727,0.0030395136778115
Q9P8J1,xylotriose,TA259K,-1.222,-6.798,-6.431,0.367,-6.6000000000000005,-6.419333333333333,0.1806666666666672,retained_binding,Talaromyces purpureogenus (Soft rot fungus) (Penicillium purpureogenum),fungal,GH10,-1.222,0.1266434650455927,43.41218844984802,0.8875379939209727,0.0030395136778115
Q9P955,xylobiose,VA33K,-1.78,-6.032,-5.355,0.6769999999999996,-5.9750000000000005,-5.286333333333334,0.6886666666666663,weakened_binding,Aspergillus sojae,fungal,GH10,-1.78021,0.2238108359133126,44.40015479876161,0.8854489164086687,0.0030959752321981
Q9P955,xylotriose,VA33K,-1.78,-7.795,-7.803,-0.008000000000000007,-7.421666666666667,-7.361999999999999,0.059666666666667645,retained_binding,Aspergillus sojae,fungal,GH10,-1.78021,0.2238108359133126,44.40015479876161,0.8854489164086687,0.0030959752321981
Q9RBZ5,xylobiose,DA42H,-2.191,-7.047,-7.067,-0.020000000000000462,-6.703333333333333,-6.728000000000001,-0.024666666666667503,retained_binding,Cellvibrio japonicus (Pseudomonas fluorescens subsp. cellulosa),bacterial,GH10,-2.19138,0.18615,51.71944444444445,0.8783068783068783,0.0
Q9RBZ5,xylotriose,DA42H,-2.191,-8.035,-8.032,0.0030000000000001137,-7.771999999999999,-7.861,-0.08900000000000041,retained_binding,Cellvibrio japonicus (Pseudomonas fluorescens subsp. cellulosa),bacterial,GH10,-2.19138,0.18615,51.71944444444445,0.8783068783068783,0.0
Q9RJ91,xylobiose,AA38K,-1.357,-5.112,-5.448,-0.3360000000000003,-5.056,-5.206,-0.15000000000000036,retained_binding,Streptomyces coelicolor (strain ATCC BAA-471 / A3(2) / M145),bacterial,GH10,-1.35747,0.4325288888888889,64.22415555555555,0.9266666666666666,0.0044444444444444
Q9RJ91,xylotriose,AA38K,-1.357,-6.341,-5.936,0.40500000000000025,-5.857666666666667,-5.878333333333334,-0.020666666666667055,retained_binding,Streptomyces coelicolor (strain ATCC BAA-471 / A3(2) / M145),bacterial,GH10,-1.35747,0.4325288888888889,64.22415555555555,0.9266666666666666,0.0044444444444444
Q9RMM5,xylobiose,RA54K,-1.779,-5.828,-6.182,-0.3540000000000001,-5.687333333333334,-5.924333333333333,-0.2369999999999992,retained_binding,Streptomyces thermocyaneoviolaceus,bacterial,GH10,-1.77939,0.3079852941176471,46.40550420168067,0.9159663865546218,0.0084033613445378
Q9RMM5,xylotriose,RA54K,-1.779,-7.652,-8.023,-0.37099999999999955,-7.487666666666667,-7.814333333333334,-0.3266666666666671,retained_binding,Streptomyces thermocyaneoviolaceus,bacterial,GH10,-1.77939,0.3079852941176471,46.40550420168067,0.9159663865546218,0.0084033613445378
Q9UVF9,xylobiose,VA30K,-0.427,-6.253,-5.993,0.2599999999999998,-6.150333333333333,-5.792000000000001,0.3583333333333325,retained_binding,Hypocrea rufa (Trichoderma viride),fungal,GH11,-0.427125,0.275804932735426,55.63215246636771,1.1614349775784754,0.0
Q9UVF9,xylotriose,VA30K,-0.427,-7.939,-7.978,-0.0389999999999997,-7.712333333333333,-7.82,-0.10766666666666769,retained_binding,Hypocrea rufa (Trichoderma viride),fungal,GH11,-0.427125,0.275804932735426,55.63215246636771,1.1614349775784754,0.0
Q9UVZ3,xylobiose,RA60I,-0.458,-6.12,-5.918,0.20199999999999996,-5.821000000000001,-5.641333333333333,0.17966666666666775,retained_binding,Exserohilum turcicum (Northern leaf blight fungus) (Setosphaeria turcica),fungal,GH11,-0.458084,0.4440176211453744,57.32823788546256,1.1365638766519823,0.0
Q9UVZ3,xylotriose,RA60I,-0.458,-8.242,-8.248,-0.005999999999998451,-8.135,-8.054666666666668,0.08033333333333204,retained_binding,Exserohilum turcicum (Northern leaf blight fungus) (Setosphaeria turcica),fungal,GH11,-0.458084,0.4440176211453744,57.32823788546256,1.1365638766519823,0.0
Q9UW04,xylobiose,SA13N,-1.158,-5.113,-5.303,-0.1899999999999995,-4.972,-5.100333333333333,-0.12833333333333297,retained_binding,Didymella rabiei (Chickpea ascochyta blight fungus) (Mycosphaerella rabiei),fungal,GH11,-1.1581,0.2541608333333333,52.07366666666667,1.1083333333333334,0.0
Q9UW04,xylotriose,SA13N,-1.158,-6.442,-6.558,-0.11599999999999966,-6.377666666666666,-6.383666666666667,-0.006000000000000227,retained_binding,Didymella rabiei (Chickpea ascochyta blight fungus) (Mycosphaerella rabiei),fungal,GH11,-1.1581,0.2541608333333333,52.07366666666667,1.1083333333333334,0.0
Q9X584,xylobiose,VA60T,-3.285,-5.672,-5.914,-0.242,-5.498,-5.692,-0.19399999999999995,retained_binding,Streptomyces avermitilis,bacterial,GH10,-3.28502,0.3570570776255707,50.918538812785386,0.9155251141552512,0.0091324200913242
Q9X584,xylotriose,VA60T,-3.285,-8.174,-8.199,-0.025000000000000355,-7.359666666666667,-7.714666666666666,-0.35499999999999954,retained_binding,Streptomyces avermitilis,bacterial,GH10,-3.28502,0.3570570776255707,50.918538812785386,0.9155251141552512,0.0091324200913242
W0HFK8,xylobiose,FA99L,-0.831,-5.488,-5.307,0.18100000000000005,-5.449666666666666,-5.156333333333333,0.293333333333333,retained_binding,Rhizopus oryzae (Mucormycosis agent) (Rhizopus arrhizus var. delemar),fungal,GH10,-0.831344,0.4706948640483384,42.85129909365559,0.8882175226586103,0.0030211480362537
W0HFK8,xylotriose,FA99L,-0.831,-6.68,-6.8,-0.1200000000000001,-6.601333333333334,-6.747333333333334,-0.1459999999999999,retained_binding,Rhizopus oryzae (Mucormycosis agent) (Rhizopus arrhizus var. delemar),fungal,GH10,-0.831344,0.4706948640483384,42.85129909365559,0.8882175226586103,0.0030211480362537
